FID,month,year,lat,long,d15N,d13C,distMeters,nearLand,densityLar,densitySma,Ches,Del,Hud,LI,Nar,Bos
0,10,"2,002",36.89166667,-75.885,7,NA,8728.23,8637.33,6.90E-06,2.50E-06,127238.51,257050.55,436760.05,543604.58,655960.25,739030.16
1,5,"2,004",36.8535,-75.81166667,9.2,NA,14247.75,14090.9,6.70E-06,1.20E-06,132929.71,259899.06,438516.21,544328.08,655836.16,739132.69
2,11,"2,005",36.78833333,-75.78166667,8.2,NA,15194.81,15047.4,6.40E-06,2.00E-07,140668.24,266580.91,444507.36,549588.95,660431.54,743901.06
3,11,"2,000",36.48833333,-75.62833333,6.36,NA,19724.61,19527.76,5.00E-06,0,176707.2,297840.84,472340.63,573942.79,681586.98,765770.42
4,5,"2,004",36.06333333,-75.61166667,8.1,NA,5963.24,5929.22,3.20E-06,0,223107.82,345021.38,517786.85,617010.39,722046.56,806705.84
5,11,"2,004",36.03166667,-75.58833333,8.7,NA,6268.85,6222.58,3.10E-06,0,227042.15,348359.96,520690.55,619496.13,724143.56,808861.27
6,10,"2,002",36.17,-75.57166667,6.1,NA,14575.99,14451.43,3.70E-06,0,212397.66,332797.02,505325.88,604610.7,709876.45,794490.98
7,5,"2,001",36.235,-75.545,6.06,NA,19421.16,19245.09,3.90E-06,0,206022.31,325338.89,497680.74,596977.9,702366.52,786955.67
8,8,"2,004",36.73666667,-75.52833333,4.9,NA,34465.27,34161.3,6.10E-06,0,153401.27,269237.02,443149.95,544964.16,653225.66,737258.85
9,5,"2,002",36.20833333,-75.50833333,4.7,NA,21498.72,21323.48,3.80E-06,0,209811.58,328058.79,499751.59,598482.9,703375.71,788040.5
10,11,"2,001",37.72166667,-75.48,7.4,NA,6392.2,6342.27,1.03E-05,2.63E-05,70318.11,159093.69,337183.55,445118.26,559796.54,642030.16
11,8,"2,004",35.74333333,-75.45166667,7.2,NA,4342.48,4307.92,2.00E-06,0,261332.5,379716.63,549232.78,645165.59,746997.54,832082.16
12,5,"2,001",36.74333333,-75.44666667,5.04,NA,41604.35,41218.83,6.10E-06,0,155630.11,267890.32,440438.05,541277.87,648812.34,732981.17
13,11,"2,000",36.72166667,-75.415,5.94,NA,43617.06,43196.79,6.00E-06,0,159021.76,270129.83,442034.26,542348.89,649441.5,733692.48
14,10,"2,001",36.16,-75.37,3.9,NA,30223.82,30027.7,3.50E-06,0,218781.18,332781.68,502111.33,598937.59,702229.08,787111.81
15,11,"2,001",36.80833333,-75.30833333,5.8,NA,55681.57,55197.08,6.30E-06,0,154844.52,260017.22,430237.84,529665.02,636266.73,720589.8
16,11,"2,005",35.44666667,-75.28,6.6,NA,18390.67,18202.69,1.20E-06,0,297413.54,412439.72,578725.85,671475.91,770177.79,855550.84
17,5,"2,002",37.69333333,-75.24666667,6,NA,21245.95,21314.42,1.01E-05,1.71E-05,90181.82,160755.88,333400.63,437932.68,550232.24,633167.1
18,11,"2,000",37.85166667,-75.12833333,7.79,NA,18698.69,18552.04,1.07E-05,1.50E-05,95069.81,143249.22,313379.53,417416.5,529798.34,612673.59
19,5,"2,004",36.81166667,-75.035,14.3,NA,79032.03,78275.9,6.00E-06,0,167968.67,260076.77,424480.79,520125.66,623895.83,708642.33
20,5,"2,004",35.84666667,-74.98666667,7.3,NA,47931.31,47499.31,2.00E-06,0,264011.59,368228.8,530196.32,620809.4,718492.47,803909.49
21,11,"2,004",36.115,-74.945,6.4,NA,62914.85,62452.17,3.00E-06,0,238474.23,338476.08,499930.93,591036.5,689681.35,775016.98
22,8,"2,004",35.765,-74.925,2.2,NA,51259.02,50758.23,1.70E-06,0,274605.96,377697.65,538445.16,627948.89,724560.5,810041.76
23,11,"2,004",36.89333333,-74.90666667,5.4,NA,87089.01,86385.66,6.20E-06,0,168165.45,251930.47,413368.35,507537.86,610413.39,695262.13
24,11,"2,005",36.03,-74.90166667,5,NA,62928.22,62508.74,2.60E-06,0,248708.47,348259.89,508773.67,598949.92,696665.02,782069.06
25,11,"2,001",38.72833333,-74.81,7.8,NA,23081.38,22838.81,1.41E-05,3.22E-05,145680.05,57256.64,211369.33,318517.34,435530.46,516668.94
26,5,"2,004",38.71916667,-74.80333333,6.7,NA,23504.17,23265.45,1.41E-05,3.19E-05,145592.57,58418.53,212172.05,319082.77,435935.32,517136.64
27,11,"2,002",38.27666667,-74.78,6.4,NA,27049.13,26811.41,1.22E-05,1.39E-05,127436.08,102815.55,259368.64,361159.83,473480.07,556251.59
28,5,"2,002",38.44833333,-74.77666667,7,NA,23811.56,23556.13,1.30E-05,2.07E-05,133573.7,85381.47,240664.17,344078.26,457984.65,540255.93
29,10,"2,000",38.43833333,-74.76,6.8,NA,25294.63,25024.27,1.29E-05,1.96E-05,134507.48,87035,241380.08,344364.25,457986.26,540344.16
30,11,"2,005",37.11166667,-74.73833333,4.9,NA,90063.19,89364.55,6.90E-06,0,162282.74,229865.54,386791.35,479451.32,581830.68,666707.76
31,11,"2,002",38.82333333,-74.73,7.2,NA,17516.73,17518.53,1.44E-05,3.34E-05,157394.49,54541.65,199144.97,305837.99,422973.8,504030.21
32,8,"2,004",37.152,-74.72333333,4.9,NA,89568.91,88810.98,7.00E-06,0,160580.35,225670.89,382123.76,474752.74,577231.37,662090.69
33,11,"2,000",37.42,-74.68,5.07,NA,77873.8,77648.69,8.20E-06,0,148040.46,197141.01,351862.01,445282.47,549174.29,633808.53
34,5,"2,001",38.33666667,-74.67833333,6.85,NA,33986.43,33654.77,1.24E-05,1.32E-05,137653.29,100407.19,250811.35,351151.47,462842.7,545756.33
35,11,"2,004",38.565,-74.66333333,7.9,NA,34168.24,33807.58,1.34E-05,2.23E-05,147746.97,79471.34,225578.81,327900.43,441652.53,523926.87
36,8,"2,004",38.76833333,-74.61666667,7.1,NA,28830.74,28772.54,1.41E-05,2.84E-05,162115.28,66015.79,202484.23,306068.58,421368.81,503086.99
37,10,"2,002",37.63333333,-74.52916667,4.9,NA,76487.36,76114.08,8.90E-06,0,151654.64,177995.01,326334.25,418251.24,521866.6,606496.63
38,5,"2,001",37.57666667,-74.48,5.34,NA,83503.02,82896.34,8.50E-06,0,157632.6,185429.34,332125.25,422742.31,525257.77,610040
39,11,"2,005",38.96333333,-74.47833333,8.7,NA,25174.61,25077.8,1.47E-05,2.80E-05,184111.87,66701.41,178511.97,281197.39,396976.83,478451.23
40,5,"2,002",38.96333333,-74.36,6.6,NA,33872.76,33668.39,1.46E-05,2.34E-05,192484.58,76505.74,176670.71,276200.6,390474.79,472422.35
41,10,"2,001",37.9,-74.34,3.3,NA,77872.57,77195.91,9.70E-06,0,162583.32,157434.67,294847.74,384506.18,487731.8,572354.39
42,10,"2,001",37.72666667,-74.275,0,-23.5,90636.49,90020.86,8.70E-06,0,170812.68,177243.82,313794.02,401029.9,501876.14,586819.11
43,11,"2,001",40.465,-73.92666667,6.4,NA,5126.14,5087.97,1.80E-05,4.87E-05,338024.27,186063.65,11108.34,121102.2,249676.27,322287.64
44,5,"2,002",40.335,-73.86333333,8.1,NA,9273.5,9187.22,1.80E-05,4.49E-05,329599.43,178059.03,25373.6,126604.35,253373.16,328226.12
45,11,"2,004",38.21833333,-73.835,5.5,NA,108944.62,107886.35,1.00E-05,0,207167.76,157343.48,258588.62,337224.42,435209.98,520318.73
46,11,"2,005",40.42,-73.79833333,7.2,NA,15185.01,15050.44,1.82E-05,4.89E-05,340470.92,188847.76,22945.91,116084.54,243426.95,317699.44
47,11,"2,004",40.055,-73.74,7.5,NA,25372.37,25151.07,1.76E-05,3.19E-05,312588.97,163697.19,57832.88,144090.73,265029,343732.86
48,11,"2,002",40.17,-73.72666667,7.2,NA,23797.48,23601.42,1.78E-05,3.73E-05,322841.72,172926.05,47142.12,132924.16,255667.31,333389.78
49,11,"2,004",36.565,-73.65666667,8.7,NA,188971.4,187608.8,2.50E-06,0,275434.36,318084.06,444502.65,515821.99,600028.9,685577.6
50,5,"2,004",38.42666667,-73.65,6.4,NA,117574.66,117032.46,1.05E-05,0,226580.31,156741.69,236962.65,310619.58,407084.99,492264.7
51,5,"2,004",40.18166667,-73.64,6.6,NA,30648.5,30383.98,1.79E-05,3.72E-05,328730.86,179279.19,50544.31,127604.48,249273.72,327507.49
52,11,"2,000",39.99666667,-73.55,6.24,NA,42689.62,42325.22,1.74E-05,2.62E-05,319272.85,172766.8,71597.48,141534.82,258013.48,338433.15
53,11,"2,000",39.035,-73.41,3.82,NA,91119.37,90635.44,1.30E-05,0,267737.87,155987.21,174756.04,239514.33,337356.97,422193.96
54,11,"2,003",40.15,-73.355,4.6,NA,50584.5,50893.6,1.79E-05,3.11E-05,343060.63,196085.04,70815.43,118906.88,234205.2,314728.32
55,11,"2,000",40.43833333,-73.23666667,6.74,NA,20452.79,20623.16,1.87E-05,4.70E-05,372959.59,223794.36,67820.33,85444.36,204763.45,283469.86
56,11,"2,001",40.405,-73.235,0,-22.3,24154.41,24356.19,1.86E-05,4.49E-05,370370.15,221499.51,68581.57,88731.05,207133.99,286214.15
57,5,"2,001",40.14,-73.13333333,6.03,NA,54529.78,54963.21,1.77E-05,2.53E-05,356085.36,211075.4,87179.68,113644.97,222326.93,304374.44
58,8,"2,004",38.6625,-73.13,3.9,NA,134899.24,134527.11,9.90E-06,0,276310.7,187487.87,222048.1,276798.36,363833.78,449417.57
59,11,"2,001",40.44,-73.105,5.9,NA,22830.72,22996.06,1.87E-05,4.41E-05,380842.14,232457.39,78776.63,80864.95,196423.59,276203.56
60,11,"2,005",38.78,-73.06666667,5,NA,131418.22,130895.78,1.04E-05,0,285146.91,189437.75,211761.72,263148.12,349581.33,435163.48
61,5,"2,002",40.525,-73.03333333,7.4,NA,15482.25,15585.97,1.90E-05,4.69E-05,391839.62,243132.31,84230.96,69899.18,185540.92,265022.08
62,11,"2,004",39.09666667,-73.00833333,5,NA,117557.31,116886.06,1.20E-05,0,302013.8,190016.46,181837.99,227349.07,315209.31,400681.47
63,8,"2,004",40.48,-72.92,5.3,NA,23403.77,23543.98,1.89E-05,4.08E-05,395099.23,247492.02,93890.67,72517.43,182149.01,263050.09
64,11,"2,005",39.183,-72.81,4.8,NA,127676,126914.38,1.18E-05,0,321437.22,206945.46,182415.04,216827.06,299373.48,384972.9
65,5,"2,001",39.25666667,-72.79166667,6.17,NA,125210.39,124469.02,1.23E-05,0,326222.87,208818.14,176585.85,208554.39,291179.79,376764.75
66,5,"2,004",39.54666667,-72.78833333,0,NA,114617.25,113609.57,1.41E-05,0,341262.44,213418.02,151812.62,176052.26,261641.24,347028.56
67,11,"2,002",40.58666667,-72.77333333,6.9,NA,17835.65,17932.77,1.92E-05,4.12E-05,412260.16,264530.14,106281.86,59524.95,164991.46,246090.81
68,5,"2,002",39.53,-72.535,5.5,NA,133773.89,134698.08,1.33E-05,0,359344.02,234228.53,168651.37,179045.78,254418.61,340049.69
69,11,"2,001",39.79333333,-72.425,4.4,NA,110350.79,110957.52,1.47E-05,0,381845.57,250188.72,158569.63,151270.11,223579.3,309200.81
70,11,"2,003",39.40666667,-72.295,0,NA,154003.59,154929.9,1.16E-05,0,371805.61,252500.29,193151.05,195934.5,260569.07,345970.93
71,11,"2,002",39.675,-72.255,5.9,NA,127974.21,128847.3,1.34E-05,0,387985.65,260822.29,177847.11,167449.46,230888.15,316406.52
72,11,"2,001",40.93333333,-71.67666667,6.7,NA,21167.89,21129.38,1.84E-05,3.67E-05,506891.37,362007.08,202955.62,93798.37,81749.72,167265.68
73,11,"2,005",40.095,-71.67333333,2.5,NA,103903.7,104450.17,1.45E-05,0,453865.76,321101.29,204704.8,147154.12,173465.19,257389.62
74,11,"2,003",40.01333333,-71.56666667,5,NA,116027.17,116658.23,1.36E-05,0,457323.56,326929.85,215797.96,159935.5,181505.98,264513.13
75,8,"2,004",40.14833333,-71.55833333,3.9,NA,102602.66,103203.61,1.44E-05,0,465265.68,332225.86,212811.77,148953.28,166378.87,249525.1
76,5,"2,001",40.095,-71.50833333,5.31,NA,109747.35,110374.31,1.39E-05,0,466024.93,334346.05,218247.89,156210.63,172000.93,254629.98
77,5,"2,004",40.05833333,-71.5,4.7,NA,113753.02,114416.71,1.36E-05,0,464677.34,333786.78,219917.7,159734.29,176056.55,258558.91
78,11,"2,004",40.52,-71.34833333,5,NA,72207.84,72739.75,1.57E-05,3.90E-06,502007.72,364043.49,225780.9,136751.86,124023.37,205463.8
79,11,"2,005",41.18833333,-71.33333333,6.1,NA,17940.61,17804.08,1.80E-05,4.14E-05,547117.81,401624.37,238020.43,120164.27,49266.23,131658.35
80,5,"2,001",40.74,-71.25333333,5.91,NA,52133.23,52370.42,1.64E-05,1.37E-05,522294.32,381888.61,234688.47,133846.4,99852.82,179952.59
81,5,"2,002",40.94,-71.23833333,5.1,NA,35175.14,35152.51,1.71E-05,2.52E-05,536309.73,393661.37,238986.1,129587.17,77761.41,157587.16
82,8,"2,004",40.93833333,-71.16166667,2.7,NA,40270.96,40177.49,1.68E-05,2.28E-05,541368.78,399137.55,245252.29,135938.08,79102.85,157012.59
83,6,"2,004",41.35166667,-71.10833333,6.7,NA,13169.83,13241.33,1.75E-05,4.73E-05,573174.06,427368.25,261608.67,140925.63,37804.6,110523.67
84,11,"2,004",40.225,-71.09666667,5,NA,109843.04,110557.51,1.30E-05,0,503522.06,371900.78,249639.36,172526.56,158724.34,236353.55
85,11,"2,000",41.35833333,-71.01833333,7.33,NA,8135.96,8135.67,1.72E-05,4.65E-05,579439.55,433971.29,268894.42,148413.57,42006.02,109271.08
86,11,"2,002",41.21666667,-70.97833333,6.8,NA,13037.1,12958.82,1.68E-05,3.56E-05,572246.79,428156.59,267219.87,149840.97,56381.76,125064.36
87,6,"2,002",42.215,-70.63833333,6.3,NA,6312.77,6273.42,1.48E-05,5.88E-05,666223.32,517075.15,339843.25,214959.8,89246.85,30427.71
88,8,"2,001",42.39833333,-70.6,0,-23.7,20626.8,20590.17,1.40E-05,5.06E-05,682713.61,532961.65,353948.84,229572.58,107053.05,31269.85
89,8,"2,001",42.4,-70.58666667,2.6,NA,20916.31,21025.91,1.39E-05,4.97E-05,683622.68,533897.2,354946.32,230547.86,107855.49,32374.4
90,11,"2,003",41.165,-70.585,7.5,NA,20443.41,20499.93,1.51E-05,2.14E-05,595266.68,453495.88,297467.59,182318.73,83306.65,134691.78
91,11,"2,001",42.46333333,-70.55833333,4.7,NA,15374.03,15419.38,1.36E-05,4.61E-05,690241.02,540364.26,360954.7,236754.77,114929.49,36778.4
92,11,"2,004",42.405,-70.55166667,6.9,NA,21405.27,21498.16,1.38E-05,4.84E-05,686060.84,536402.94,357608.12,233156.29,110042.45,35289.71
93,1,"2,002",42.43666667,-70.545,5.7,NA,18488.06,18549.14,1.37E-05,4.64E-05,688925.58,539171.79,360098.18,235755.4,113180.35,36756.69
94,6,"2,004",42.46166667,-70.52333333,6.7,NA,17168.53,17192.17,1.35E-05,4.44E-05,692147.28,542358.5,363164.75,238875.35,116477.9,39360.89
95,1,"2,002",42.50666667,-70.48333333,0,-21.9,15821.58,15861.55,1.32E-05,4.11E-05,698004.82,548156.87,368759.06,244565.46,122462.69,44357.25
96,6,"2,002",42.54833333,-70.45,4.8,NA,14097,14090.28,1.29E-05,3.77E-05,703213.53,553303.94,373704,249610.17,127823.37,48916.58
97,8,"2,004",42.055,-70.415,4.2,NA,13998.5,13900.07,1.43E-05,4.89E-05,667757.47,520023.3,346454.91,221536.25,92233.56,55357.04
98,11,"2,000",43.32333333,-70.37833333,6.65,NA,5182.66,5189.86,9.00E-06,4.30E-06,770343.53,618834.52,434718.6,315234.73,206207.39,120578.09
99,11,"2,001",41.13166667,-70.37666667,5,NA,20395.4,20481.96,1.40E-05,1.28E-05,607520.12,467054.56,313630.35,199644.32,99492.51,143277.52
100,8,"2,001",43.12,-70.36833333,2.7,NA,18735.1,18649.28,1.01E-05,1.22E-05,753924.11,602742.61,419553.96,298543.33,185960.3,100612.01
101,8,"2,001",43.09333333,-70.35333333,0,-23,20868.75,20789.39,1.02E-05,1.33E-05,752543.49,601432.12,418434.56,297164.38,183852.61,98646.67
102,6,"2,001",41.97333333,-70.35166667,7.3,NA,13099.16,13105.68,1.42E-05,4.49E-05,665760.6,518680.95,346814.6,222185.04,92606.43,64989.41
103,8,"2,004",43.47833333,-70.34,3.1,NA,1466.13,1459.27,8.10E-06,5.00E-07,785465.48,633809.02,449256.1,330697.33,223346.33,137721.33
104,8,"2,001",42.14333333,-70.315,4.6,NA,9993.13,10006.38,1.37E-05,4.25E-05,680444.89,532567.14,358427.59,233438.08,104444,57947.29
105,6,"2,004",43.19,-70.30333333,5.2,NA,20886.92,20925.51,9.50E-06,8.20E-06,763246.96,612031.49,428727.65,307871.13,195307.44,110007.68
106,11,"2,000",42.33833333,-70.28833333,6.58,NA,29184.85,29363.49,1.31E-05,3.75E-05,696615.99,547905.48,371443.02,246486.51,119439.73,55973.13
107,11,"2,001",42.06833333,-70.28166667,5.3,NA,2986.73,2966.47,1.37E-05,4.06E-05,677027.66,529646.56,356813.8,231976.45,102495.22,63969.29
108,8,"2,003",42.58833333,-70.235,3.9,NA,28279.52,28115.35,1.20E-05,2.81E-05,718902.49,569354.11,390556.18,266153.15,142343.26,66584.04
109,8,"2,003",41.94,-70.21666667,4.6,NA,9106.15,9162.9,1.37E-05,3.55E-05,671927.63,525501.91,355149.73,230857.09,101507.98,76104.2
110,8,"2,004",43.45833333,-70.14833333,4.4,NA,11045.77,11059.82,7.80E-06,1.00E-07,793906.77,642465.98,458496.93,338680.19,227696.84,142275.25
111,11,"2,001",43.35,-70.1,4.9,NA,21619.91,21557.34,8.20E-06,1.00E-06,787514.56,636295.95,452926.08,332137.86,218774.96,133789.38
112,11,"2,004",43.49,-69.97166667,6.5,NA,20000.5,19938.13,7.20E-06,0,806035.86,654752.6,471176.22,350677.74,237457.61,152527.16
113,1,"2,002",43.49,-69.95,4.7,NA,21604.17,21531.76,7.10E-06,0,807209.37,655952.42,472441.64,351841.21,238313.15,153471.06
114,11,"2,002",43.13666667,-69.805,3.7,NA,54741.39,54666.63,8.40E-06,1.70E-06,786740.9,636430.49,455337.62,332206.24,211879.91,130619.77
115,8,"2,001",43.31333333,-69.75333333,3.6,NA,42907.59,43087.92,7.50E-06,0,803719.56,653074.99,471103.51,348690.67,230208.68,147579.42
116,5,"2,003",42.11666667,-69.71,5,NA,28710.67,28594.17,1.12E-05,9.60E-06,716810.17,570999.55,401263.23,276924.04,147462.94,106310.03
117,1,"2,004",42.50166667,-69.66833333,5,NA,60343.11,60479.33,1.03E-05,9.00E-06,746708.33,598968.3,424287.35,299257.81,170744.49,108232.64
118,1,"2,004",42.50166667,-69.66833333,6.7,NA,60343.11,60479.33,1.03E-05,9.00E-06,746708.33,598968.3,424287.35,299257.81,170744.49,108232.64
119,1,"2,004",42.50166667,-69.66833333,4,NA,60343.11,60479.33,1.03E-05,9.00E-06,746708.33,598968.3,424287.35,299257.81,170744.49,108232.64
120,1,"2,004",42.13,-69.66333333,9.9,NA,32817.68,32678.47,1.10E-05,8.30E-06,720748.2,575008.16,405366.3,281034.72,151575.18,109708
121,6,"2,001",42.85166667,-69.60833333,6.17,NA,80983.99,80549.76,8.90E-06,3.00E-06,776266.52,627237.67,449261.89,324670.49,199077.72,125359.2
122,5,"2,003",42.52833333,-69.47166667,4.5,NA,72708.89,72740.39,9.40E-06,3.20E-06,760911.67,613587.51,439709.18,314690.38,185802.03,124564.57
123,1,"2,004",41.295,-69.42833333,2.6,NA,44607.4,44244.07,9.60E-06,0,684104.85,546007.24,394582.47,279003.56,165332.43,172439.78
124,11,"2,002",39.96833333,-69.41666667,4.5,NA,149568.03,150562.36,4.50E-06,0,622692.23,503511.04,394412.38,309916.8,247552.47,294839.14
125,8,"2,003",43.71166667,-69.36166667,5.3,NA,5847.43,5855.16,4.80E-06,0,857592.03,706715.82,524037.24,402333.92,284710.38,201757.5
126,1,"2,002",43.10833333,-69.34333333,4.6,NA,71936.96,72252.92,7.10E-06,0,811493.05,662166.4,483270.82,359007.47,234421.99,158312.36
127,5,"2,003",41.58166667,-69.31,5.2,NA,52992.48,52616.08,9.50E-06,0,709233.04,568843.87,411536.9,292200.84,170626.88,160643.56
128,1,"2,002",43.12166667,-69.22,0,-24,70903.42,71203.98,6.60E-06,0,819862.1,670750.85,492298.38,367889.72,242681.84,167577.83
129,11,"2,000",42.43833333,-68.88833333,3.51,NA,105361.32,104927.21,7.10E-06,0,792156.36,646981.68,477494.02,352982.35,223412.04,170859.56
130,1,"2,004",42.173,-68.855,4.3,NA,96722.85,96129.27,7.30E-06,0,777063.64,633652.58,468201.66,344793.09,216106.22,174457.61
131,11,"2,000",39.765,-68.735,3.43,NA,195179.26,195826.38,1.60E-06,0,671463.05,558006.24,455564.76,371894.85,303839.1,342833.39
132,6,"2,001",43.54333333,-68.70833,5.72,NA,29109.44,29176.97,3.80E-06,0,882091.43,732676.62,553235.13,429248.95,305025.37,228015.6
133,1,"2,004",42.49333333,-68.59233333,4,NA,129904.87,129310.71,5.80E-06,0,815305.21,670672.92,502031.95,377639.67,248102.64,195410.98
134,11,"2,002",41.68666667,-68.545,5.1,NA,115140.91,114236.69,5.90E-06,0,769421.23,630847.39,475703.01,356525.97,233752.89,212365.31
135,8,"2,003",40.35833333,-68.415,6,NA,164294.28,163848.92,2.60E-06,0,716881.69,594507.77,473031.62,374783.16,284715.2,306585.02
136,5,"2,002",40.38833333,-68.41333333,6.6,NA,162396.97,161913.29,2.60E-06,0,718130.19,595315.82,472955.09,374095.71,283128.68,304234.74
137,11,"2,001",42.56166667,-68.37833333,0,-23.7,141158.89,141691.9,4.90E-06,0,833959.28,689538.83,521099.36,396706.42,267165.2,213513.39
138,1,"2,002",43.67,-68.33833333,4.1,NA,40026.13,39957.67,2.50E-06,0,913651.15,764546.5,585641.53,461462.43,336455.67,260496.95
139,11,"2,002",43.845,-68.33333333,4.1,NA,27640.46,27603.74,2.00E-06,0,927021.28,777431.1,597438.72,473738.36,350059.76,272253.37
140,6,"2,004",43.80833333,-68.33216667,5.8,NA,30506.15,30488.66,2.10E-06,0,924333.53,774844.02,595076.45,471265.42,347291.43,269858
141,11,"2,001",41.80166667,-68.30333333,4,NA,135347.4,134290.21,4.90E-06,0,793137.71,654373.54,498260.38,378357.62,254175.29,227269.37
142,6,"2,002",41.72833333,-68.295,6.8,NA,135846.22,134773.05,4.80E-06,0,789656.89,651557.2,496868.74,377654.57,254498.72,230321.76
143,1,"2,002",42.75333333,-68.28833333,2.8,NA,123336.39,123702.95,4.30E-06,0,852440.7,707200.51,536839.54,412077.03,282534.08,223998.68
144,11,"2,001",42.55166667,-68.28333333,3,NA,144531.72,145032.88,4.60E-06,0,839652.66,695559.42,527725.95,403450.25,273957.5,221114.75
145,11,"2,003",41.4,-68.24,6,NA,144652.89,143530.39,4.30E-06,0,776274.25,641477.05,493743.96,378186.35,260646.14,248250.24
146,11,"2,000",42.66166667,-68.16333333,1.7,NA,136717.25,137085.4,4.00E-06,0,854727.38,710329.36,541682.03,417204.92,287636.33,232301.8
147,8,"2,001",42.17333333,-68.15666667,3,NA,152695.59,151659.07,4.40E-06,0,824935.01,683707.2,521960.67,399528.85,271783.22,231458.59
148,5,"2,002",41.14666667,-68.14333333,6.1,NA,153041.25,151754.37,3.50E-06,0,771132.92,639371.21,497738.98,385607.42,273240.57,268716.37
149,11,"2,004",43.99333333,-68.13166667,5.6,NA,18826.66,18845.44,1.30E-06,0,950093.51,800450.99,620271.97,496679.93,373160.62,295140.88
150,1,"2,002",41.60333333,-68.11166667,3.3,NA,151775.56,150569.44,4.00E-06,0,796210.68,659854.7,508482.16,390766.69,269651.92,249203.06
151,6,"2,001",41.4,-68.09666667,6.06,NA,156355.16,155176.83,3.70E-06,0,786896.46,652577.96,505470.43,390059.12,272463.65,259011.95
152,8,"2,001",43,-68.08666667,3.6,NA,107008.47,107098.44,3.20E-06,0,882019.42,736051.82,563898.55,438923.22,309689.93,246577.28
153,1,"2,004",42.435,-68.018,7.6,NA,164602.99,165056.72,3.70E-06,0,850287.12,707676.19,542728.08,419153.82,290154.07,241928.35
154,1,"2,004",42.43433333,-68.015,9.8,NA,164772.04,165224.64,3.70E-06,0,850451.41,707853.44,542929.2,419361.12,290366.56,242171.2
155,8,"2,001",43.00666667,-68.00833333,0,-23.8,110245.2,110283.64,3.00E-06,0,887552.06,741746.1,569875.77,444918.28,315628.64,252878.26
156,5,"2,001",40.53166667,-68.005,5.94,NA,183727.88,182678.53,1.80E-06,0,755855.92,632229.15,506534.09,404209.31,306233.82,318191.01
157,5,"2,003",40.44333333,-68,2.5,NA,188666.22,187701.04,1.60E-06,0,752999.13,630620.75,507340.6,406588.54,310865.12,324985.94
158,11,"2,004",41.51,-67.945,6,NA,166763.73,165445.3,3.30E-06,0,803656.13,668735.88,519983.16,403464.18,283915.88,265796.12
159,1,"2,002",41.735,-67.93,0,NA,166238.67,164912.17,3.50E-06,0,816402.43,679429.41,526343.58,407564.9,284650.38,258947.26
160,1,"2,002",41.735,-67.93,0,-22.5,166238.67,164912.17,3.50E-06,0,816402.43,679429.41,526343.58,407564.9,284650.38,258947.26
161,8,"2,001",42.68333333,-67.92666667,2.8,NA,143637.8,143857.55,3.20E-06,0,871940.29,728062.43,560272.65,435934.72,306406.67,251733.02
162,6,"2,001",43.04,-67.89,5.48,NA,113732.13,113674.56,2.60E-06,0,897475.9,751799.91,580107.74,455159.24,325844.6,263132.42
163,8,"2,001",40.50666667,-67.88166667,5,NA,194347.21,193203.51,1.50E-06,0,764710.17,641784.78,516980.63,414912.94,316823.3,327937.75
164,11,"2,004",42.89833333,-67.88166667,4.4,NA,126113.21,126150.03,2.80E-06,0,888721.94,743779.48,573655.86,448885.76,319348.26,259739.31
165,11,"2,002",41.53333333,-67.87,6.5,NA,172655.22,171281.48,3.10E-06,0,810378.97,675472.35,526567.58,409876.99,289961.63,270681.15
166,11,"2,003",40.765,-67.86166667,6,NA,185196.9,183844.49,1.90E-06,0,776189.47,649899.55,518439.56,412051.94,307593.9,311695.02
167,8,"2,004",41.715,-67.82,5.2,NA,175426.37,174019.57,3.10E-06,0,823366.69,686920.53,534702.58,416249.16,293690.28,268297.59
168,5,"2,004",40.35666667,-67.81683333,5.9,NA,206955.15,205897.68,1.10E-06,0,764597.56,643960.08,523294.64,423751.98,328990.66,342971.62
169,1,"2,002",41.44333333,-67.81,5.4,NA,179024.59,177616.24,2.80E-06,0,810375.33,676546.12,529721.53,414082.51,295642.99,278944.12
170,6,"2,004",41.91,-67.80833333,4,NA,177093.44,175721.89,3.10E-06,0,834608.32,696508.09,540810.85,420688.47,295774.96,264095.34
171,11,"2,001",40.38333333,-67.79333333,1.9,NA,207274.58,206165.87,1.00E-06,0,767392.15,646436.9,525074.85,425014.57,329434.84,342513.86
172,11,"2,003",42.38833333,-67.77666667,6,NA,178191.3,178539.01,3.00E-06,0,864085.28,722477.67,559340.18,436251.81,307682.3,261565.78
173,8,"2,003",43.26166667,-67.76333333,3.2,NA,104311.26,104483.79,1.90E-06,0,920515.58,774117.56,600778.45,475749.49,346906.98,280753.57
174,11,"2,001",41.25666667,-67.70333333,5.5,NA,189210.03,187586.95,2.20E-06,0,809555.61,677997.57,535527.48,422185.02,306977.41,295399.4
175,11,"2,001",41.25666667,-67.70333333,0,-26.3,189210.03,187586.95,2.20E-06,0,809555.61,677997.57,535527.48,422185.02,306977.41,295399.4
176,11,"2,000",40.47166667,-67.7,3.33,NA,209944.86,208658.8,1.00E-06,0,777922.75,655982.92,532392.09,430650.28,332357.02,342269.8
177,5,"2,003",41.555,-67.69333333,5.3,NA,187051.16,185546.97,2.50E-06,0,824552.66,689993.13,541393.03,424662.26,304449.58,283652.58
178,6,"2,001",44.23333333,-67.69,5.14,NA,22759.04,22798.77,5.00E-07,0,994172.4,844625.51,664516.3,540910.25,417129.86,339383.52
179,5,"2,003",43.09166667,-67.64666667,4.8,NA,124450.5,124206.59,1.80E-06,0,916801.3,771466.42,600296.12,475382.47,345993.87,283672.83
180,8,"2,004",42.365,-67.61666667,6.1,NA,187166.79,187429.79,2.50E-06,0,873845.67,732855.24,570792.51,448004.51,319715.02,274656.26
181,8,"2,003",42.65166667,-67.58666667,4.4,NA,162636.37,162661.53,2.20E-06,0,893009.35,750238.69,584410.21,460472.96,331153.82,278783.97
182,8,"2,003",41.475,-67.57166667,4.8,NA,198216.22,196626.55,2.10E-06,0,829724.35,696320.71,549793.19,434025.79,315048.79,296135.87
183,11,"2,002",43.495,-67.56166667,2.7,NA,90554.88,90558.1,1.10E-06,0,949271.85,802341.27,627738.2,502742.62,374438.3,305720.54
184,11,"2,002",41.25,-67.47166667,6,NA,208664.13,206860.86,1.60E-06,0,826872.85,696090.33,554570.37,441440.67,326128.98,313243.35
185,6,"2,004",43.42666667,-67.47166667,4.8,NA,101025.78,101019.22,1.00E-06,0,950397.89,803943.25,630285.16,505257.17,376560.24,309393.48
186,6,"2,002",43.18833333,-67.40833333,3.9,NA,125718.21,125813.25,1.20E-06,0,938764.97,793529.98,622377.07,497452.8,368081.85,305253.51
187,11,"2,000",41.75333333,-67.38333333,6.12,NA,211764.75,210048.4,1.70E-06,0,857390.31,721931.96,570849.09,452559.48,329822.38,302095.45
188,11,"2,004",41.47166667,-67.25666667,5.7,NA,224386.86,222559.91,1.20E-06,0,853254.6,720823.71,575528.08,460063.93,341114.94,320904.17
189,11,"2,004",42.15166667,-67.2,4.2,NA,226173.7,226313.7,1.30E-06,0,891466.06,753223.62,596196.01,475114.81,348653.04,309882.85
190,11,"2,004",40.84333333,-67.19,4.5,NA,237749.26,235776.75,5.00E-07,0,831927.76,706575.09,574833.33,466978.83,358641.26,354634.48
191,1,"2,002",41.79,-67.17333333,5.2,NA,229284.94,227421.37,1.20E-06,0,874733.48,739562.26,588655.2,470277.79,347255.71,318083.67
192,11,"2,000",44.125,-67.17,3.74,NA,48172.84,48140.06,2.00E-07,0,1017691.58,869306.86,691473.52,567013.09,440783.69,366565.25
193,11,"2,005",40.725,-67.16333333,4,NA,243071.89,241129.47,3.00E-07,0,829650.45,705815.72,576864.23,470642.61,364523.35,363201.27
194,8,"2,004",40.605,-67.13166667,0.2,NA,249464.19,247562,2.00E-07,0,827933.9,705694.47,579630.53,475109,371264.22,372517.1
195,8,"2,001",41.03,-67.115,4,NA,240468.33,238383.83,5.00E-07,0,845071.35,717737.92,582016.99,471702.64,359772.58,350543.07
196,8,"2,001",41.03,-67.115,0,-23.9,240468.33,238383.83,5.00E-07,0,845071.35,717737.92,582016.99,471702.64,359772.58,350543.07
197,8,"2,001",44.12166667,-67.09333333,3.6,NA,52495.31,52431.65,1.00E-07,0,1022179.95,873939.79,696376.52,571847.76,445394.72,371579.18
198,11,"2,000",43.31333333,-67.08166667,3.25,NA,131506.64,131345.16,5.00E-07,0,968369.92,823294.66,652226.08,527294.63,397935.39,334625.32
199,11,"2,005",41.63166667,-67.07,3.2,NA,238290.02,236325.21,8.00E-07,0,874772.6,741338.93,593674.79,476801.62,355715.28,330538.13
200,6,"2,001",43.43333333,-67.06833333,5.4,NA,120039.04,120210.99,5.00E-07,0,977008.12,831411.2,659265.77,534261.59,405130.05,339992.93
201,1,"2,004",42.41833333,-67.0095,0,NA,213619.43,213410.7,8.00E-07,0,919646.4,779967.19,619774.87,497406.1,369437.67,324336.57
202,11,"2,001",43.54333333,-67.00833333,1.2,NA,110659.82,110760.9,3.00E-07,0,988120.29,842172.82,669272.49,544244.9,415329.62,348867.02
203,1,"2,002",43.695,-66.965,5.9,NA,97354.03,97389.26,2.00E-07,0,1000967.69,854484.4,680465.4,555451.31,426937.1,358617.88
204,8,"2,004",43.96166667,-66.95166667,3.2,NA,73348.96,73282.11,1.00E-07,0,1019873.31,872419.43,696412.31,571579.05,444052,372589.62
205,11,"2,000",40.91333333,-66.835,-0.06,NA,265720.51,263421.52,1.00E-07,0,862512.08,737255.71,604734.9,495866.82,385443.25,377277.2
206,11,"2,002",40.82166667,-66.83166667,4.1,NA,267869.59,265593.45,1.00E-07,0,859422.12,735251.53,604743.24,497044.54,388209.32,382163.11
207,8,"2,001",41.85666667,-66.825,4.6,NA,258434.95,256328.21,5.00E-07,0,903825.37,769050.07,618303.24,499741.57,376243.24,344827.78
208,6,"2,004",44.11833333,-66.75,3.7,NA,62901.03,62889.92,0,0,1043325.24,895707.6,719281.93,594523.56,467256.16,395079.51
209,6,"2,004",41.85666667,-66.74666667,4.8,NA,264949.91,262783.46,4.00E-07,0,909649.63,775088.42,624625.8,506141.51,382694.55,351185.26
210,5,"2,001",41.66833333,-66.73666667,5.07,NA,265866.44,263648.76,3.00E-07,0,901540.97,768692,621529.85,504619.35,383201.89,356263.53
211,11,"2,003",41.34333333,-66.66666667,6,NA,275345.2,273062.1,1.00E-07,0,892619.43,763114.35,622208.4,508450.49,391155.95,371877.01
212,11,"2,001",41.99166667,-66.52333333,3.9,NA,275747.04,275487.29,2.00E-07,0,932760.82,797653.02,645771,526500.32,401953.55,367093.4
213,6,"2,002",43.74166667,-66.44833333,4.2,NA,111348.64,111337.46,0,0,1037572.25,891952.02,719385.53,594360.06,465390.23,398850.94
214,11,"2,001",41.39,-66.44666667,4,NA,292822.05,290356.56,0,0,911516.55,782109.03,640937.52,526818.76,408816.61,387649.98
215,8,"2,001",43.09833333,-66.41,2.9,NA,177375.23,177422.91,1.00E-07,0,1000455.61,858039.11,691775.69,567532.22,438019.67,381097.93
216,11,"2,000",41.91333333,-66.405,2.85,NA,288831.65,288535.99,1.00E-07,0,937826.05,803686.25,653479.1,534887.25,411116.7,377951.59
217,8,"2,003",43.55166667,-66.385,2.7,NA,132397.9,132429.01,0,0,1029686.48,885032.7,714342.44,589416.8,460043.25,396280.78
218,5,"2,003",43.42,-66.33333333,4.7,NA,147387.5,147447.25,0,0,1024995.12,881076.86,711802.22,587029.12,457496.65,395812.65
219,8,"2,004",42.10833333,-66.28833333,3.9,NA,276756.79,276843.26,0,0,955829.05,820381.42,667500.41,547668.16,422351.39,384878.8
220,11,"2,004",43.52333333,-66.25333333,6.4,NA,140286.39,140267.87,0,0,1036725.14,892483.83,722521.85,597662.04,468197.49,405358.16
221,6,"2,004",41.80833333,-66.16666667,5.2,NA,310183.03,310398.68,0,0,950917.89,818295.44,670587.29,552995.08,430333.32,399228.16
222,6,"2,001",43.10666667,-66.14166667,4.02,NA,185589.29,185692.65,0,0,1019483.47,877641.41,712277.06,588195.37,458749.77,402589.47
223,11,"2,000",42.595,-66.12333333,3.62,NA,237701.91,237853.57,0,0,992539.59,853913.2,694736.58,572424.64,444371.69,397255.62
224,8,"2,003",41.655,-66.11666667,4.3,NA,317633.46,314917.82,0,0,947997.44,816877.67,671900.47,555578.21,434471.5,406578.41
225,5,"2,003",41.665,-66.09333333,4.6,NA,319530.17,316797.04,0,0,950207.83,819053.94,673973.95,557584.57,436378.35,408228.95
226,11,"2,004",41.72,-66.05333333,5.8,NA,322661.71,319906.86,0,0,955627.48,824072.57,678179.66,561369.93,439613.7,410231.39
227,1,"2,002",42.03,-66.045,4.7,NA,295608.41,295565.11,0,0,970196.25,835995.55,685135.08,566044.29,441508.88,405653.6
228,6,"2,002",41.675,-65.985,3.8,NA,328521.22,325700.39,0,0,958912.22,827932,682995.21,566597.34,445311.92,416761.84
229,11,"2,004",42.26833333,-65.90833333,5,NA,278133.53,278332.39,0,0,991682.47,855934.05,701976.96,581525.01,455381.16,414789
230,11,"2,002",41.83833333,-65.82333333,4.4,NA,323741,323659.31,0,0,978259.28,846216.74,699059.9,581506.6,458713.61,426607.11
231,8,"2,004",42.22833333,-65.76833333,5.4,NA,287476.89,287778.12,0,0,1000134.3,865030.11,712105.78,592011.1,466226.97,426473.99
232,8,"2,004",42.22833333,-65.76833333,10.1,NA,287476.89,287778.12,0,0,1000134.3,865030.11,712105.78,592011.1,466226.97,426473.99
233,8,"2,004",42.22833333,-65.76833333,31.1,NA,287476.89,287778.12,0,0,1000134.3,865030.11,712105.78,592011.1,466226.97,426473.99
234,5,"2,004",40.48,-70.16333333,7.1,NA,84554.18,85246.93,1.04E-05,0,586466.68,455474.08,325440.03,229804.3,163269.7,218131.68
