FID_,Cruise,month,year,Station,position,lat,long,d15N,d13C,iso,Chl,discreteCh,NO3,NO2,sumN,PO4,NH4,distMeters,PN,Season,temp,sal,nearLand,densityLar,densitySma,Ches,Del,Hud,LI,Nar,Bos
94,DE1012,11,"2,010",1,Surf,41.31833333,-71.12333333,7.117458991,-22.05073262,400,1.56,6.04,15.94,0.36,16.3,NA,NA,16222.6,0.031,Fall,13.52,32.35,16315.67,1.75E-05,4.51E-05,569847.1,424238.23,259182.66,139082.24,40262.68,114364.96
65,DE1012,11,"2,010",6,Surf,40.31166667,-73.64833333,NA,NA,400,1.39,3.14,0.44,0.22,0.66,4.66,6.57,27660.67,NA,Fall,13.85,31.9,27407.73,1.82E-05,4.43E-05,339116.48,188602.39,40152.2,116326.67,240482.9,317288.13
71,DE1012,11,"2,010",14,Surf,38.64,-73.37666667,NA,NA,400,1.23,1.59,0.91,0.35,1.26,4.95,10.45,120160.91,NA,Fall,15.57,33.75,119988.32,1.07E-05,0,255120.85,168059.42,218098.52,282333.69,375078.1,460446.91
51,DE1012,11,"2,010",20,Surf,37.585,-74.17333333,6.178022748,-25.84182848,400,1.21,1.09,0.27,0.2,0.47,5.04,10.58,106041.72,0.005,Fall,15.89,33.83,105419.79,7.80E-06,0,183072.9,195428.67,329213.58,413554.07,511792.04,597002.88
13,DE1012,11,"2,010",23,Surf,37.09,-75.01166667,5.256700684,-25.11224831,400,1.39,1.79,0.47,0.31,0.78,5.51,9.63,69388.91,0.009,Fall,15.61,32.93,68844.58,7.20E-06,0,145832.12,229116.45,393525.57,490402.07,595783.69,680259.67
23,DE1012,11,"2,010",27,Surf,36.34833333,-74.94166667,3.341743445,-24.88028644,400,0.303,1.83,0.87,0.29,1.16,5.17,9.64,74083.05,0.022,Fall,15.31,33.24,73607.5,3.90E-06,0,215741.34,312437.19,474073.19,566118.78,666030.28,751246.91
5,DE1012,11,"2,010",28,Surf,36.14666667,-75.57666667,6.067565004,-24.2532155,400,0.369,3.55,0.39,0.27,0.66,5.73,10.32,13107.44,0.01,Fall,16.33,31.53,13001.42,3.60E-06,0,214809.36,335439.6,507966.38,607194.1,712374.3,797003.94
0,DE1012,11,"2,010",31,Surf,36.93666667,-75.94666667,6.378196379,-23.13507747,400,0.6,4.93,0.77,0.15,0.92,5.23,10.07,4611.69,0.01,Fall,13.83,28.82,4577.39,7.00E-06,4.10E-06,121204.12,253405.83,434035.52,541812.62,654948.48,737794.56
33,DE1012,11,"2,010",36,Surf,38.77166667,-74.71333333,NA,NA,400,1.08,13.79,0.16,0.2,0.36,5.55,9.54,22923.23,NA,Fall,13.66,32.12,22977.23,1.42E-05,3.11E-05,155300.45,59400.34,204285.24,310003.57,426427.92,507763.76
66,DE1012,11,"2,010",41,Surf,39.065,-73.58166667,5.358086146,-24.78280631,400,0.325,2.15,2.29,0.38,2.67,5.14,10.7,76690.75,0.01,Fall,14.09,33.25,76355.19,1.36E-05,1.00E-07,255969.61,141075.01,167614.6,239955.94,342091.32,426424.8
72,DE1012,11,"2,010",44,Surf,39.89666667,-72.91333333,NA,NA,400,0.324,2.29,1.58,0.35,1.93,6.13,10.2,85343.54,NA,Fall,13.71,32.66,85982.9,1.64E-05,6.00E-06,353562,215060.3,117733.28,137330.7,232885.96,317222.2
84,DE1012,11,"2,010",48,Surf,40.645,-71.915,NA,NA,400,0.35,0.368,3.59,0.24,3.83,5.73,10.9,39981.47,NA,Fall,13.09,32.52,40225.7,1.81E-05,2.28E-05,471205.02,328100.31,178566.54,89198.2,118954.76,204587.93
96,DE1012,11,"2,010",52,Surf,40.88166667,-70.91666667,7.54518503,-24.29965227,400,0.322,2.19,2.95,0.57,3.52,5.35,10.68,41770.01,0.009,Fall,12.4,32.12,42080.55,1.57E-05,1.66E-05,554506.13,414189.68,264482.61,157182.04,91666.41,162637.32
128,DE1012,11,"2,010",54,Surf,40.02666667,-70.14666667,5.528110565,-26.00170311,400,0.234,1.22,2.55,0.28,2.83,5.33,10.68,134796.78,0.008,Fall,15.24,34.13,135933.41,7.80E-06,0,566976.98,443890.81,332485.07,252126.01,206484.5,267321.8
132,DE1012,11,"2,010",62,Surf,41.055,-69.60166667,5.331896506,-22.22650859,400,0.343,3.89,3.88,0.51,4.39,5.65,9.19,37589.32,0.009,Fall,10.74,32.33,37479.6,9.90E-06,0,658181.97,521996.35,375883.1,264424.56,160335.86,182522.13
154,DE1012,11,"2,010",71,Surf,40.195,-68.47666667,4.845464855,-25.82310857,400,0.23,1.09,3.39,0.42,3.81,5.81,11.01,172090.42,0.01,Fall,17.08,35.1,171911.76,2.30E-06,0,706101.3,586047.87,469452.02,374786.97,290206.27,316819.44
196,DE1012,11,"2,010",87,Surf,41.68333333,-65.77666667,3.665855601,-25.06791577,400,0.311,1,2.43,0.35,2.78,5.62,9.75,339959.79,0.005,Fall,13.09,33.59,339955.19,0,0,975217.26,844659.39,700165.83,583836.96,462512.07,433450.65
195,DE1012,11,"2,010",90,Surf,42.52,-65.81666667,7.516560678,-26.09280805,400,0.265,1.25,1.34,0.21,1.55,4.72,7.44,256072.6,0.005,Fall,10.62,31.79,256293.58,0,0,1010864.5,873495.92,716376.85,594688.66,467208.64,421976.02
183,DE1012,11,"2,010",96,Surf,42.42333333,-66.98833333,9.177325787,-26.31917371,400,0.25,0.57,4.53,0.39,4.92,5.25,9.86,214441.9,0.006,Fall,10.58,32.45,214213.76,8.00E-07,0,921426.63,781769.33,621593.73,499223.02,371248.58,326072.24
146,DE1012,11,"2,010",104,Surf,43.73,-68.75,9.911765431,-25.64042473,400,0.198,0.86,6.18,0.27,6.45,NA,NA,10281.55,0.008,Fall,10.35,33.23,10260.86,3.30E-06,0,893846.43,743855.82,563102.84,439807.93,317499.02,238184.9
160,DE1012,11,"2,010",105,Surf,43.40333333,-67.71333333,4.453174947,-23.06498439,400,0.28,NA,6.23,0.42,6.65,5.34,10.32,92563.84,0.011,Fall,10.4,33.37,92633.36,1.60E-06,0,933345.93,786458.89,612042.81,487034.35,358631.23,290420.61
131,DE1012,11,"2,010",117,Surf,42.50166667,-69.66333333,5.083744781,-22.59804446,400,0.268,4.62,4.98,0.37,5.35,6.58,9.53,60576.83,0,Fall,9.93,32.88,60709.29,1.03E-05,9.00E-06,747019.02,599292.73,424640.45,299610.81,171081.54,108635.38
117,DE1012,11,"2,010",125,Surf,42.47833333,-70.485,5.068633284,-21.95307651,400,0.54,6.22,4.22,0.3,4.52,5.48,9.86,17970.45,0.005,Fall,9.55,32.49,17958.07,1.33E-05,4.22E-05,695688.31,545932.83,366796.12,242488.8,119860,42957.77
141,DE1012,11,"2,010",131,Surf,42.10333333,-69.11333333,2.751521341,-23.19759732,400,0.319,4.16,4.55,0.35,4.9,5.52,9.47,74039.01,0.008,Fall,10.14,32.45,73576.44,8.50E-06,0,755223.44,611451.03,445614.93,322202.92,193586.34,154598.73
88,DE1102,2,"2,011",0,Surf,41.27316667,-71.315,NA,-24.82,400,0.48,NA,5.78,0.08,5.86,6.21,9.92,16925.69,NA,Winter,NA,NA,16880.53,1.80E-05,4.60E-05,554348.32,408247.89,242480.76,122594.76,39942.88,122063.14
93,DE1102,2,"2,011",0,Surf,41.404,-71.15466667,NA,-23.02,400,0.78,NA,5.82,0.11,5.93,5.63,10.57,6427.5,NA,Winter,NA,NA,6473.56,1.77E-05,5.18E-05,573963.37,427565.35,260083.6,138328.41,30801.75,105175.69
92,DE1102,2,"2,011",1,Surf,41.404,-71.15466667,NA,-24.76,400,0.78,NA,0.2,0.03,0.23,5.14,9.85,6427.5,NA,Winter,6.59,33.32,6473.56,1.77E-05,5.18E-05,573963.37,427565.35,260083.6,138328.41,30801.75,105175.69
87,DE1102,2,"2,011",2,Surf,41.27316667,-71.315,NA,-20.63,400,0.48,NA,0.99,0.02,1.01,5.78,6.1,16925.69,NA,Winter,8.87,NA,16880.53,1.80E-05,4.60E-05,554348.32,408247.89,242480.76,122594.76,39942.88,122063.14
90,DE1102,2,"2,011",3,Surf,41.06333333,-71.24666667,NA,-22.05,400,0.61,NA,0.59,0.05,0.64,5.15,8.69,27131.18,NA,Winter,6.99,33.43,26973.14,1.74E-05,3.19E-05,544067.33,400121.29,241206.25,127384.07,64004.71,144029.49
61,DE1102,2,"2,011",17,Surf,39.35333333,-73.77166667,NA,-23.38,400,0,NA,0.81,0.08,0.89,6.67,13.13,46067.29,NA,Winter,8.16,33.82,45843.38,1.53E-05,3.70E-06,258747.58,126922.82,132706.19,214892.43,324909.77,407693.55
41,DE1102,2,"2,011",22,Surf,38.48,-74.375,NA,-23.31,400,0.75,NA,0.12,0.02,0.14,7.66,10.84,58917.92,NA,Winter,8.69,33.92,58294.06,1.26E-05,1.13E-05,167431.32,103090.06,230506.49,325336.34,434516.61,517954.85
10,DE1102,2,"2,011",24,Surf,37.72833333,-75.28166667,NA,-25.28,400,0.53,88.88,0.07,0.03,0.1,5.82,10.31,16330.96,NA,Winter,NA,NA,16393.99,1.03E-05,1.93E-05,85886.08,156897.07,330622,435931.65,548842.77,631603.15
3,DE1102,2,"2,011",28,Surf,36.81166667,-75.81166667,NA,-26.16,400,0.74,NA,0.09,-0.02,0.07,5.5,9.64,13370.3,NA,Winter,9.46,34.4,13235.84,6.50E-06,5.00E-07,137465.27,264499.5,442926.6,548482.13,659725.4,743094.24
12,DE1102,2,"2,011",32,Surf,35.56833333,-75.055,NA,-23.55,400,0.72,NA,0.11,-0.01,0.1,5.54,9.77,36790.14,NA,Winter,6.9,31.98,36412.64,1.30E-06,0,290660.98,399075.43,561926.58,652395.12,749417.76,834886.97
34,DE1102,2,"2,011",34,Surf,36.07333333,-74.70333333,NA,-23.54,400,0.73,117.98,0,0,0,NA,NA,81004.77,NA,Winter,7.07,32.08,80466.38,2.50E-06,0,253070.4,345287.59,501704.35,589260.62,684968.9,770478.25
32,DE1102,2,"2,011",35,Surf,36.85333333,-74.71666667,NA,-22.91,400,0.87,NA,0.73,0.07,0.8,6.14,10.71,104457.73,NA,Winter,7.38,31.51,103587.65,5.80E-06,0,182979.09,258698.96,415154.08,506139.44,606530.83,691652.54
25,DE1102,2,"2,011",37,Deep,37.56333333,-74.90833333,NA,-24.87,400,0.82,NA,0.07,0,0.07,6.51,9.16,52155.26,NA,Winter,7.75,31.73,52012.68,9.20E-06,3.70E-06,123108.08,177459.72,339764.78,438058.78,545765.79,629758.6
64,DE1102,2,"2,011",40,Surf,38.26833333,-73.68333333,NA,-23.15,400,0.25,NA,6.59,0.03,6.62,5.52,11.33,121071.55,NA,Winter,20.89,36.43,119850.44,9.80E-06,0,220873.02,164131.43,254201.94,328550.7,424190.85,509468.47
85,DE1102,2,"2,011",46,Surf,39.77166667,-71.85166667,NA,-22.45,400,0.22,NA,5.72,0.14,5.86,5.59,10.86,129726.53,NA,Winter,22.61,36.19,130494.51,1.28E-05,0,423411.31,296638.42,202654.53,169586.49,211707.6,296144.84
143,DE1102,2,"2,011",54,Surf,40.15,-68.82666667,NA,-24.96,400,0.28,55.98,6.88,0.09,6.97,6.29,10.46,155624.83,NA,Winter,7.34,33.3,155875.56,3.20E-06,0,676468.88,556074.22,440672.64,348316.45,269451.82,302677
98,DE1102,2,"2,011",61,Surf,42.40666667,-70.87333333,NA,-24.97,400,0.23,28.18,8.17,0.32,8.49,6.1,12.75,2736.9,NA,Winter,6.18,32.17,2727.64,1.48E-05,5.90E-05,667638.42,517230.88,336559.74,213030.23,96301.02,11421.35
113,DE1102,2,"2,011",62,Surf,42.415,-70.61333333,NA,-24.78,400,0.27,28.18,7.3,0.1,7.4,5.65,9.73,18652.57,NA,Winter,5.86,32.11,18609.57,1.40E-05,5.03E-05,683244.48,533402.45,354145.26,229868.53,107917.75,30699.57
161,DE1102,2,"2,011",90,Surf,41.93166667,-67.71333333,NA,-25.42,400,0.27,34.99,6.91,0.24,7.15,6.12,13.26,185105.23,NA,Winter,5.09,31.96,183666.09,2.80E-06,0,842626.3,704637.37,548994.69,428826.51,303786.4,271318.66
192,DE1102,2,"2,011",97,Surf,41.39333333,-66.01683333,NA,-25.76,400,0.25,32.18,4.36,0.06,4.42,5.28,9.9,328486.13,NA,Winter,6.14,33.14,325662.49,0,0,944920.2,816535.94,676440.33,562487.03,444310.92,421735.49
184,DE1102,2,"2,011",101,Surf,42.41666667,-66.98833333,NA,-25.7,400,0.22,24.98,2.61,0.05,2.66,4.72,7.27,214970.91,NA,Winter,6.3,33.09,214747.73,8.00E-07,0,921057.45,781446.89,621365.11,499027.4,371087.36,326065.99
166,DE1102,2,"2,011",109,Surf,43.39666667,-67.69833333,NA,-26.41,400,0.34,26.98,6.29,0.07,6.36,6.28,11.85,93834.92,NA,Winter,6.06,33.07,93912.7,1.50E-06,0,933846.41,787019.67,612722.29,487708.89,359253.68,291239.38
142,DE1102,2,"2,011",118,Surf,43.72666667,-69.10833333,NA,-24.56,400,0.22,20.59,6.03,0.06,6.09,6.19,9.94,15003.2,NA,Winter,5.72,32.94,15055.31,4.10E-06,0,873014.72,722469.44,540526.95,418101.98,298361.07,216797.48
91,DE1105,6,"2,011",1,Surf,41.395,-71.21333333,5.65,-23.21,"1,000",0.27,0.85,0.23,0.09,0.32,NA,NA,6731.79,0.024,Summer,16.1,31.39,6779.13,1.79E-05,5.25E-05,569597.19,423018.53,255186.69,133358.64,29141.45,106965.85
97,DE1105,6,"2,011",4,Surf,40.77166667,-70.90666667,4.26,-24.44,800,0.28,0.6,0.18,0.09,0.27,NA,NA,53630.99,0.023,Summer,14.1,32.07,54052.66,1.52E-05,1.11E-05,548412.79,409496.27,263916.94,160646.75,103332.78,174975.32
83,DE1105,6,"2,011",8,Surf,40.39666667,-72.04833333,4.5,-24.4,800,0.21,0.48,0.17,0.08,0.25,4.93,9.86,59711.42,0.02,Summer,15.1,31.49,60026.09,1.73E-05,1.22E-05,445582.43,304965.42,167700.19,101073.94,148941.75,234574.95
59,DE1105,6,"2,011",23,Surf,38.055,-73.855,0.8,-25.54,800,0.15,0.22,0.18,0.07,0.25,4.87,9.72,111811.59,0.008,Summer,21.4,34.85,110831.23,9.20E-06,0,204293.78,168653.29,276758.51,355360.3,452255.86,537488.09
60,DE1105,6,"2,011",23,Deep,38.055,-73.855,8.32,-24.81,800,NA,NA,13.09,0.23,13.32,NA,NA,111811.59,0.002,Summer,9.1,35.27,110831.23,9.20E-06,0,204293.78,168653.29,276758.51,355360.3,452255.86,537488.09
26,DE1105,6,"2,011",32,Surf,36.27033333,-74.84166667,2.33,-25.73,800,0.16,0.19,0.36,0.11,0.47,NA,NA,78441.72,0.008,Summer,23.4,30.45,77869.42,3.50E-06,0,227810.39,321940.73,481371,571664.51,670016.82,755361.92
27,DE1105,6,"2,011",32,Deep,36.27,-74.84166667,7.74,-22.39,800,NA,NA,6.32,0.43,6.75,NA,NA,78426.29,0.008,Summer,14.1,35.31,77853.63,3.50E-06,0,227842.28,321977.86,481407.96,571700.11,670050.56,755395.82
8,DE1105,6,"2,011",35,Surf,35.645,-75.40833333,5.86,-23.8,800,0.32,1.39,0.2,0.07,0.27,NA,NA,5734.88,0.021,Summer,22.1,26.9,5685.01,1.70E-06,0,272965.61,390537.85,559171.76,654192.37,755109.93,840291.78
2,DE1105,6,"2,011",39,Surf,36.73166667,-75.845,6.66,-23.75,400,0.66,1.06,0.23,0.07,0.3,NA,NA,7966.91,0.123,Summer,21.1,22.8,7890.45,6.20E-06,0,145505.19,273861.19,452358.78,557796.41,668818.09,752252.89
40,DE1105,6,"2,011",44,Surf,38.265,-74.52,3.79,-25.52,800,0.17,4.06,0.19,0.06,0.25,NA,NA,49338.77,0.01,Summer,21.5,30.91,48881.12,1.18E-05,6.60E-06,149172.89,114218.76,256139.61,352463.7,461478.72,545027.26
50,DE1105,6,"2,011",53,Surf,39.26833333,-74.18,5.67,-23.85,800,0.31,1.2,0.26,0.08,0.34,4.71,8.97,21845.21,0.038,Summer,19,29.97,21813.63,1.55E-05,1.68E-05,225110.67,90887.92,140860.21,238825.12,354391.42,435769.86
68,DE1105,6,"2,011",57,Surf,40.52333333,-73.50833333,6.84,-23.04,800,0.37,0.68,0.21,0.07,0.28,4.68,9.05,7357.62,0.042,Summer,17.6,28.68,7404.23,1.87E-05,5.40E-05,364801.07,213756.87,44328.46,90650.08,216811.4,292116.24
134,DE1105,6,"2,011",69,Deep,40.47666667,-69.41333333,4.56,-22.94,800,NA,NA,0.86,0.13,0.99,5.53,12.51,97655.98,0.026,Summer,8.2,32.42,98071.4,6.90E-06,0,643470.54,515796.99,388457.27,290200.04,207996.89,244858.82
135,DE1105,6,"2,011",69,Surf,40.47666667,-69.41333333,4.99,-23.46,800,0.28,0.79,1.72,0.14,1.86,NA,NA,97655.98,0.02,Summer,11,31.74,98071.4,6.90E-06,0,643470.54,515796.99,388457.27,290200.04,207996.89,244858.82
190,DE1105,6,"2,011",94,Surf,41.19,-66.31166667,3.28,-23.12,800,0.3,0.52,0.18,0.12,0.3,NA,NA,306298.71,0.016,Summer,9,31.9,303537.93,0,0,914039.72,787021.21,650015.79,537979.48,422573.67,405395.83
191,DE1105,6,"2,011",94,Deep,41.195,-66.30166667,7.26,-23.72,800,NA,NA,5.79,0.12,5.91,10.34,0.33,307111.04,0.008,Summer,9.6,34.5,304342.23,0,0,915013.22,787966.31,650887.64,538801.11,423318.25,405989.78
156,DE1105,6,"2,011",102,Surf,41.52,-68.31,4.88,-21.62,800,0.3,1.17,0.31,0.07,0.38,5.24,10.56,136409.96,0.021,Summer,11.2,32.3,135349.69,4.70E-06,0,777335.16,641110.93,490510.61,373452.52,253670.57,237389.43
202,DE1105,6,"2,011",112,Surf,42.22166667,-65.76166667,4.88,-23.84,800,0.29,NA,0.28,0.12,0.4,NA,NA,288373.9,0.024,Summer,8.9,35.17,288695.99,0,0,1000313.88,865277.12,712470.35,592420.72,466685.11,427061.58
194,DE1105,6,"2,011",113,Surf,42.56166667,-65.85,3.73,-24.81,800,0.21,NA,12.19,0.24,12.43,NA,NA,250712.91,0.013,Summer,9.4,35.03,250930.6,0,0,1010558.33,872819.8,715038.13,593125.01,465424.52,419385.73
193,DE1105,6,"2,011",113,Deep,42.56166667,-65.85,6.62,-25.02,800,NA,NA,0.19,0.07,0.26,0,8.95,250712.91,0.011,Summer,9.7,30.96,250930.6,0,0,1010558.33,872819.8,715038.13,593125.01,465424.52,419385.73
180,DE1105,6,"2,011",126,Surf,44.18833333,-67.145,4.59,-25.18,800,0.24,0.56,1.19,0.13,1.32,NA,NA,44309.7,0.016,Summer,9.9,32.05,44250.17,1.00E-07,0,1023733.2,875200.83,697052.31,572684.6,446721.34,372020.91
181,DE1105,6,"2,011",130,Surf,44.18833333,-67.145,4.07,-24.03,800,0.24,0.56,16.37,0.24,16.61,NA,NA,44309.7,0.021,Summer,8.6,34.43,44250.17,1.00E-07,0,1023733.2,875200.83,697052.31,572684.6,446721.34,372020.91
167,DE1105,6,"2,011",130,Deep,43.39833333,-67.69666667,6.75,-23.17,800,NA,NA,0.18,0.06,0.24,NA,NA,93734.43,0.013,Summer,10.8,31.97,93829.55,1.50E-06,0,934066.52,787236.57,612931.26,487918.22,359466.67,291435.91
145,DE1105,6,"2,011",133,Surf,43.92833333,-68.75333333,4.98,-21.21,800,0.69,4.13,0.83,0.12,0.95,NA,NA,4183.15,0.04,Summer,9.1,30.6,4191.98,2.70E-06,0,909046.01,758596.06,576777.08,454255.11,333832.42,252840.83
138,DE1105,6,"2,011",145,Surf,41.815,-69.17333333,6.77,-26.19,800,0.32,0.72,0.21,0.08,0.29,NA,NA,63184.25,0.023,Summer,12.8,31.55,62709.38,9.00E-06,0,732909.98,591054.9,429894.09,308430.56,182760.85,158815.69
110,DE1105,6,"2,011",150,Surf,42.41333333,-70.61833333,2.51,-25.05,800,0.23,0.48,0.21,0.08,0.29,NA,NA,18422.77,0.016,Summer,14.3,29.73,18384.96,1.40E-05,5.08E-05,682822.68,532974.48,353704.53,229432.53,107528.75,30254.16
89,DE1109,11,"2,011",1,Surf,41.25666667,-71.28166667,7.14,-20.15,800,0.5,0.79,2.44,0.28,2.72,0.55,11.35,20265.13,0.056,Fall,15.07,32.51,20209.57,1.79E-05,4.43E-05,555296.84,409476.89,244490.77,125113.27,42177.49,123262.2
70,DE1109,11,"2,011",11,Surf,40.485,-73.38166667,7.09,-19.13,600,1.45,2.2,3.48,0.2,3.68,0.49,9.43,14264.63,0.135,Fall,13.5,31.33,14367.04,1.87E-05,5.15E-05,368518.82,218235.32,55128.61,87285.89,210839.45,287757.21
52,DE1109,11,"2,011",12,Surf,39.75666667,-74.03,8.17,-19.96,300,1.06,5.17,4.53,0.25,4.78,0.77,9.88,5572.12,0.134,Fall,13.83,30.42,5517.86,1.68E-05,2.25E-05,271443.13,123996.64,85605.49,185550.13,305828.31,385089.65
24,DE1109,11,"2,011",16,Surf,38.75,-74.92,7.01,-19.21,600,0.89,2.11,1.03,0.06,1.09,0.37,9.96,13890.26,0.128,Fall,14.3,30.35,13747.48,1.42E-05,3.54E-05,139340.79,49807.89,212191.34,321636.14,439956.41,520572.6
1,DE1109,11,"2,011",20,Surf,36.90166667,-75.93666667,7.08,-21.76,400,0.78,2.2,1.77,0.28,2.05,0.39,9.4,4508.28,0.089,Fall,14.8,24.64,4459.19,6.90E-06,3.10E-06,125221.26,257000.61,437358.53,544811.94,657646.91,740583.64
29,DE1109,11,"2,011",23,Surf,35.95,-74.78333333,5.75,-21.73,800,0.26,0.19,0.4,0.01,0.41,1.18,10.28,68952.58,0.018,Fall,6.23,35.05,68384.57,2.20E-06,0,261549.84,358162.19,516255.35,604504.29,700488.33,785991.12
28,DE1109,11,"2,011",23,Deep,35.95,-74.785,12.9,-24.61,800,0.26,NA,17.87,-0.17,17.7,7.22,33.81,68810.92,0.005,Fall,24.61,35.8,68244.65,2.20E-06,0,261479.5,358146.45,516273.49,604545.57,700548.35,786050.27
20,DE1109,11,"2,011",26,Surf,36.95833333,-74.955,7.3,-20.92,800,0.6,0.54,1.68,0.27,1.95,0.33,8.2,80437.34,0.05,Fall,15.81,32.33,79721.25,6.60E-06,0,159912.65,244250.92,406990.62,502250.14,606103.6,690818.56
42,DE1109,11,"2,011",30,Surf,37.815,-74.34166667,4.42,-23.71,800,0.51,1.86,2.08,0.12,2.2,0.11,9.73,81147.39,0.031,Fall,15.26,33.49,80520.7,9.30E-06,0,163461.12,165778.73,304352.07,393529.03,496059.22,580790.31
67,DE1109,11,"2,011",35,Surf,38.61,-73.53,3.3,-22.32,800,0.88,0.98,0.91,0.05,0.96,0.08,10.1,113101.6,0.051,Fall,NA,NA,113152.46,1.10E-05,0,241479.48,156897.34,218408.03,288253.9,384072.61,469249.97
80,DE1109,11,"2,011",42,Surf,39.20666667,-72.47666667,6,-21.96,800,0.23,0.31,1.24,-0.11,1.13,0,12.39,152152.85,0.026,Fall,18.37,35.07,151155.18,1.08E-05,0,348803.73,235517.72,197880.32,215613.3,286661.23,372191.8
82,DE1109,11,"2,011",47,Surf,39.97333333,-72.23833333,4.26,-22.23,600,1.26,2.02,0.52,0.01,0.53,0.09,5.68,97273.57,0.075,Fall,14.03,32.04,97921.66,1.54E-05,8.00E-07,405833.49,271481.8,163530.53,135881.86,198944.54,284571.74
111,DE1109,11,"2,011",50,Surf,40.34666667,-70.61833333,4.2,-22.43,600,1.52,2.31,1.03,0.07,1.1,0.28,9.44,101416.67,0.074,Fall,13.67,32.17,102229.51,1.18E-05,0,545562.18,414455.71,288109.11,200120.72,156594.41,224425.66
133,DE1109,11,"2,011",59,Surf,40.185,-69.46666667,5.9,-21.13,800,0.55,0.72,2.76,0.22,2.98,0.38,10.91,125422,0.033,Fall,12.98,32.54,126211.34,5.80E-06,0,626949.58,503756.26,386563.73,296314.88,226764.72,271202.58
186,DE1109,11,"2,011",72,Surf,40.78166667,-66.74666667,4.5,-22.12,800,0.73,1.32,2.09,0.17,2.26,0.32,9.19,275823.27,0.063,Fall,12.31,32.22,273485.77,0,0,864746.06,741260.74,611794.26,504577.31,396239.47,390541.86
185,DE1109,11,"2,011",72,Deep,40.78833333,-66.75,13.08,-24.4,800,0.74,0.01,17.61,-0.14,17.47,0.96,36.11,275390.64,0.003,Fall,8.42,35.13,273053.73,0,0,864715.38,741142.25,611522.77,504221.1,395774.83,389948.28
197,DE1109,11,"2,011",85,Surf,42.22333333,-65.77166667,4.67,-22.9,800,0.6,0.53,0.78,0.04,0.82,0.12,9.51,287886.83,0.041,Fall,10.56,31.29,288131.69,0,0,999649.8,864576.24,711713.3,591645.09,465891.5,426232.29
188,DE1109,11,"2,011",89,Surf,42.33,-66.52166667,4.82,-23.36,800,0.58,0.36,4.38,0.17,4.55,0.41,9.39,245487.53,0.031,Fall,8.54,35.08,245585.62,2.00E-07,0,949898.29,812145.61,655132.66,533740.66,406714.94,364338.79
187,DE1109,11,"2,011",89,Deep,42.33,-66.52166667,10.94,-23.8,800,NA,0.11,20.87,-0.16,20.71,1.18,14.57,245487.53,0.006,Fall,11.14,32.24,245585.62,2.00E-07,0,949898.29,812145.61,655132.66,533740.66,406714.94,364338.79
162,DE1109,11,"2,011",97,Surf,43.4,-67.7,4.98,-21.99,800,0.61,0.59,4.42,0.31,4.73,0.43,10.92,93443.97,0.047,Fall,10.7,32.54,93527.24,1.50E-06,0,933967.79,787123.65,612790.33,487778.41,359339.06,291261.77
182,DE1109,11,"2,011",99,Surf,44.25833333,-67.01666667,3.88,-22.43,800,0.55,0.67,4.91,0.18,5.09,NA,NA,40241.08,0.045,Fall,10.28,32.53,40274.6,0,0,1036582,888060.3,709889,585534.26,459578.68,384838.12
157,DE1109,11,"2,011",101,Surf,44,-68.02666667,4.31,-22.86,800,0.47,0.38,8.09,-0.06,8.03,0.77,10.04,23540.19,0.029,Fall,10.32,32.6,23511.78,1.20E-06,0,956805.36,807317.44,627443.25,503701.69,379742.57,302246.82
153,DE1109,11,"2,011",105,Surf,42.545,-68.66,3.75,-22.88,800,0.64,0.65,2.82,0.17,2.99,0.31,9.94,127507.93,0.043,Fall,10.79,32.52,126992.4,6.00E-06,0,814242.59,669119.28,499450.39,374858.11,245275.93,190458.66
129,DE1109,11,"2,011",109,Surf,43.415,-70.095,4.48,-20.25,800,1.01,2.03,1.93,0.09,2.02,0.3,9.59,17494.24,0.054,Fall,10.51,31.82,17510.97,7.80E-06,2.00E-07,793162.21,641845.9,458208.53,337823.08,225353.91,140186.14
112,DE1109,11,"2,011",112,Surf,42.41666667,-70.61666667,5.86,-18.78,800,0.71,1.95,1.25,0.15,1.4,NA,NA,18321.59,0.056,Fall,10.97,31.43,18279.4,1.40E-05,5.03E-05,683181.66,533325.98,354032.96,229771.34,107911.53,30494.28
144,DE1109,11,"2,011",115,Surf,42.045,-68.80166667,9.24,-23.13,800,0.42,0.27,3.86,0.2,4.06,NA,NA,97486.64,0.022,Fall,10.94,32.21,96820.67,7.20E-06,0,772640.94,630301.67,467221.99,344646.72,216985.79,180973.75
95,GU1302,6,"2,013",1,Surf,41.13833333,-70.95833333,4.63,-25.46,800,NA,1.01,0.31,-0.2,0.11,NA,NA,16838.49,0.03,Summer,15.28,32.31,16858.54,1.66E-05,3.00E-05,568291.79,425025.62,266546.87,151200.36,64612.5,133837.98
106,GU1302,6,"2,013",8,Surf,39.83166667,-70.62166667,4.9,-24.95,800,NA,NA,0.875,-0.113,0.762,NA,NA,158136.4,0.027,Summer,17.83,34.9,159474.95,8.50E-06,0,521519.17,400272.3,298362.11,231263.97,210704,281714.06
107,GU1302,6,"2,013",8,Deep,39.83166667,-70.62166667,6.11,-25.58,800,NA,NA,24.99,0.04,25.03,NA,NA,158136.4,0.007,Summer,10.16,35.3,159474.95,8.50E-06,0,521519.17,400272.3,298362.11,231263.97,210704,281714.06
137,GU1302,6,"2,013",20,Surf,41.89166667,-69.36333333,4.1,-21.9,800,NA,1.42,0.95,0,0.95,NA,NA,48346.18,0.017,Summer,13.64,32.16,48003.93,9.80E-06,2.00E-07,724779.6,581664.79,417916.25,295471.44,168384.05,141097.45
171,GU1302,6,"2,013",30,Surf,40.24666667,-67.69166667,4.42,-24.12,800,NA,0.51,0.42,-0.05,0.37,NA,NA,222305.26,0.018,Summer,5.83,35.04,221237.4,6.00E-07,0,771062.84,652340.13,534785.89,436930.08,344011.14,359031.62
170,GU1302,6,"2,013",30,Deep,40.24666667,-67.69166667,6.76,-24.39,800,NA,NA,15.12,0.01,15.13,NA,NA,222305.26,0.006,Summer,19.16,35.05,221237.4,6.00E-07,0,771062.84,652340.13,534785.89,436930.08,344011.14,359031.62
149,GU1302,6,"2,013",43,Deep,43.77166667,-68.66833333,3.39,-23.43,800,NA,NA,8.38,0.15,8.53,NA,NA,13737.76,0.019,Summer,7.82,31.94,13763.92,3.00E-06,0,901797.71,751837.86,571126.98,447810.35,325372.58,246189.67
148,GU1302,6,"2,013",43,Surf,43.77166667,-68.66833333,3.87,-23.88,800,NA,NA,5.76,0.12,5.88,NA,NA,13737.76,0.01,Summer,6.67,32.55,13763.92,3.00E-06,0,901797.71,751837.86,571126.98,447810.35,325372.58,246189.67
178,GU1302,6,"2,013",46,Deep,44.485,-67.225,4.96,-23.73,800,NA,NA,6.83,0.14,6.97,NA,NA,13593.34,0.016,Summer,7.59,31.96,13603.91,0,0,1040428.21,890968.18,710913.05,587300.44,463314.82,385782.08
179,GU1302,6,"2,013",46,Surf,44.485,-67.225,5.3,-23.72,800,NA,NA,3.769,-0.186,3.583,NA,NA,13593.34,0.016,Summer,7.68,31.93,13603.91,0,0,1040428.21,890968.18,710913.05,587300.44,463314.82,385782.08
118,GU1302,6,"2,013",51,Surf,42.99833333,-70.43166667,4.23,-23.51,800,NA,0.75,0.682,-0.258,0.424,NA,NA,13950.96,0.022,Summer,12.57,31.55,13873.22,1.08E-05,1.88E-05,740434.9,589390.52,406609.42,285071.69,171514.09,86281.23
119,GU1302,6,"2,013",51,Deep,42.99833333,-70.43166667,4.72,-24.08,800,NA,0.16,6.236,0.016,6.252,NA,NA,13950.96,0.008,Summer,5.38,32.33,13873.22,1.08E-05,1.88E-05,740434.9,589390.52,406609.42,285071.69,171514.09,86281.23
127,GU1302,6,"2,013",59,Deep,42.31666667,-70.27333333,4.55,-21.83,800,NA,1.07,3.385,0.004,3.389,NA,NA,26585.18,0.029,Summer,13.37,31.09,26751.91,1.31E-05,3.71E-05,695893.15,547318.44,371207.45,246217.69,118787.82,57242.77
126,GU1302,6,"2,013",59,Surf,42.31666667,-70.27333333,5.12,-22.98,800,NA,1,1.042,-0.077,0.965,NA,NA,26585.18,0.01,Summer,6.69,32.19,26751.91,1.31E-05,3.71E-05,695893.15,547318.44,371207.45,246217.69,118787.82,57242.77
86,GU1302,6,"2,013",67,Surf,40.37,-71.555,5.18,-24.58,800,NA,0.77,0.54,0.02,0.56,NA,NA,79990.7,0.022,Summer,14.93,33.25,80493.51,1.57E-05,1.50E-06,478316.98,341391.02,209321.9,132035.02,141641.02,225146.43
81,GU1302,6,"2,013",73,Surf,40.29833333,-72.38333333,5.52,-23.25,800,NA,1.71,1.04,0,1.04,NA,NA,59142.66,0.037,Summer,16.5,31.66,59520.08,1.76E-05,1.37E-05,416343.16,274840.47,141267.04,97467.85,171138.74,256292.77
58,GU1302,6,"2,013",77,Deep,39.71666667,-74.00333333,6.82,-21.95,800,NA,2.92,0.53,-0.09,0.44,NA,NA,9125.92,0.075,Summer,17.15,30.58,9080.66,1.67E-05,2.06E-05,269846.26,123443.29,90128.63,188024.34,307353.05,387050.65
57,GU1302,6,"2,013",77,Surf,39.71666667,-74.00333333,6.96,-21.47,800,NA,6.96,0.46,0.04,0.5,NA,NA,9125.92,0.041,Summer,13.37,31.67,9080.66,1.67E-05,2.06E-05,269846.26,123443.29,90128.63,188024.34,307353.05,387050.65
75,GU1302,6,"2,013",82,Surf,39.01,-72.585,5.3,-24.93,800,NA,0.7,0.692,-0.245,0.447,NA,NA,153935.55,0.025,Summer,17.83,32.83,153143.39,9.90E-06,0,332457.65,226766.5,209357.9,236731.64,310516.59,396065.71
76,GU1302,6,"2,013",82,Deep,39.01,-72.585,8.68,-22.2,800,NA,0.02,12.15,0.03,12.18,NA,NA,153935.55,0.006,Summer,6.62,35.08,153143.39,9.90E-06,0,332457.65,226766.5,209357.9,236731.64,310516.59,396065.71
63,GU1302,6,"2,013",95,Surf,38.37166667,-73.71666667,3.09,-25.45,800,NA,2.71,0.62,0.02,0.64,NA,NA,116309.02,0.035,Summer,17.73,32.24,115564.88,1.04E-05,0,219758.37,155124.56,242366.64,317993.11,415224.48,500357.85
30,GU1302,6,"2,013",103,Surf,38.955,-74.75833333,6.28,-17.58,800,NA,NA,0.72,0.01,0.73,NA,NA,5135.21,0.05,Summer,18.17,31.53,5137.54,1.49E-05,3.72E-05,164528.88,44523.07,185864.53,294813.27,413599.75,493944.58
18,GU1302,6,"2,013",108,Surf,37.99833333,-74.95666667,5.03,-21.17,800,NA,2.38,1.03,-0.01,1.02,NA,NA,23439.66,0.031,Summer,19.48,32.31,23270.79,1.12E-05,1.12E-05,108455.79,128679.59,293428.71,395914.71,507721.8,590708.78
19,GU1302,6,"2,013",108,Deep,37.99833333,-74.95666667,6.54,-20.66,800,NA,2.73,0.686,-0.234,0.452,NA,NA,23439.66,0.046,Summer,13.96,32.91,23270.79,1.12E-05,1.12E-05,108455.79,128679.59,293428.71,395914.71,507721.8,590708.78
46,GU1302,6,"2,013",112,Surf,37.69666667,-74.25666667,5.93,-22.99,800,NA,0.34,0.09,-0.3,-0.21,NA,NA,93606.83,0.02,Summer,13.58,35.75,92996.28,8.60E-06,0,173046.21,180965.78,317051.99,403733.08,504071.59,589072.86
45,GU1302,6,"2,013",112,Deep,37.69666667,-74.25666667,6.15,-24.39,800,NA,0.05,10,0.1,10.1,NA,NA,93606.83,0.008,Summer,20.89,35.09,92996.28,8.60E-06,0,173046.21,180965.78,317051.99,403733.08,504071.59,589072.86
4,GU1302,6,"2,013",145,Surf,36.79166667,-75.63833333,6.24,-24.19,800,NA,0.59,0.997,-0.138,0.859,NA,NA,27560.77,0.017,Summer,27.12,35.59,27288.04,6.40E-06,0,144132.65,264232.98,440124.61,543584.52,653198.57,736946.8
9,GU1302,6,"2,013",152,Surf,35.87,-75.315,6.46,-24.11,800,NA,0.26,0.88,0,0.88,NA,NA,21613.95,0.024,Summer,21.74,32.5,21464.71,2.40E-06,0,251125.78,365102.25,532803.77,627655.1,728826.41,813967.49
35,GU1302,6,"2,013",164,Surf,35.985,-74.67166667,4.72,-20.59,800,NA,1.25,1.12,0.02,1.14,NA,NA,79756.29,0.031,Summer,6.22,35.07,79104.29,2.20E-06,0,263018.32,355465.8,511232.78,598029.57,692918.13,778465.11
36,GU1302,6,"2,013",164,Deep,35.985,-74.67166667,5.97,-22.52,800,NA,0.01,22,0.02,22.02,NA,NA,79756.29,0.006,Summer,22.85,32.86,79104.29,2.20E-06,0,263018.32,355465.8,511232.78,598029.57,692918.13,778465.11
16,GU1305,11,"2,013",3,Surf,38,-74.95833333,7.98,-22.94,600,66.8,3.4,1.04,-0.44,0.6,NA,NA,23227.42,0.043,Fall,13.98,32.64,23058.5,1.12E-05,1.12E-05,108309.56,128469.86,293286.79,395815.42,507654.84,590633.11
17,GU1305,11,"2,013",3,Deep,38,-74.95833333,11.34,-22.03,600,56.5,2.86,0.82,-0.44,0.38,NA,NA,23227.42,0.042,Fall,13.99,32.65,23058.5,1.12E-05,1.12E-05,108309.56,128469.86,293286.79,395815.42,507654.84,590633.11
122,GU1305,11,"2,013",4,Surf,43,-70.415,6.01,-21.16,600,NA,NA,3.81,-0.23,3.58,NA,NA,15300.81,0.025,Fall,13.21,32.46,15215.31,1.08E-05,1.85E-05,741488.23,590466.04,407740.71,286133.6,172296.29,87140.63
123,GU1305,11,"2,013",4,Deep,43,-70.415,6.21,-23.06,600,NA,NA,8.08,-0.4,7.68,NA,NA,15300.81,0.011,Fall,12.09,31.96,15215.31,1.08E-05,1.85E-05,741488.23,590466.04,407740.71,286133.6,172296.29,87140.63
31,GU1305,11,"2,013",6,Surf,38.72833333,-74.75666667,9.17,-20.78,600,67.1,3.47,1.23,-0.3,0.93,NA,NA,25385.81,0.036,Fall,12.08,31.96,25538.72,1.41E-05,3.11E-05,149524.08,60221.65,210000.61,316093.83,432545.02,513888.13
55,GU1305,11,"2,013",10,Surf,39.71,-74.00666667,8.56,-21.26,800,60.1,3.18,1.03,-0.45,0.58,NA,NA,9251.22,0.04,Fall,18.02,35.28,9204.79,1.67E-05,2.06E-05,269118.89,122808.45,90867.24,188805.16,308081.28,387805.64
56,GU1305,11,"2,013",10,Deep,39.71,-74.00666667,9.16,-21.37,800,55.1,2.87,0.99,-0.44,0.55,NA,NA,9251.22,0.04,Fall,13.87,33.27,9204.79,1.67E-05,2.06E-05,269118.89,122808.45,90867.24,188805.16,308081.28,387805.64
74,GU1305,11,"2,013",17,Surf,39.01333333,-72.59,4.53,-24.29,800,16.1,0.86,1.67,-0.31,1.36,NA,NA,153375.76,0.008,Fall,5.92,35.02,152584.64,9.90E-06,0,332172.59,226312.06,208804.45,236330.75,310302.1,395856.84
73,GU1305,11,"2,013",20,Surf,40.08166667,-72.83666667,9.42,-21.13,800,54.2,2.9,1.88,-0.21,1.67,NA,NA,67476.22,0.024,Fall,14.21,33.81,67943.6,1.72E-05,1.33E-05,371211.09,229703.99,112397.68,116219.25,212072.9,296072.29
102,GU1305,11,"2,013",24,Surf,39.83166667,-70.62333333,5.68,-24.49,800,57,2.95,1.03,-0.35,0.68,NA,NA,158122.57,0.02,Fall,11,32.64,159461.5,8.50E-06,0,521387.64,400133.07,298226.24,231154.42,210662.43,281699.7
101,GU1305,11,"2,013",24,Deep,39.83166667,-70.62333333,5.7,-26.37,800,54.7,2.83,16.16,-0.44,15.72,NA,NA,158122.57,0.005,Fall,5.96,35.02,159461.5,8.50E-06,0,521387.64,400133.07,298226.24,231154.42,210662.43,281699.7
130,GU1305,11,"2,013",36,Surf,40.65833333,-69.92166667,6.9,-21.76,800,32.3,1.66,4.85,-0.09,4.76,NA,NA,64917.74,0.024,Fall,14.09,33.9,65431.39,1.01E-05,0,613582.87,481074.33,345622.8,243829.37,162332.27,206787.58
175,GU1305,11,"2,013",39,Surf,40.24,-67.68,3.97,-24.19,800,NA,7.36,0.93,-0.34,0.59,NA,NA,223538.67,0.017,Fall,9.62,32.68,222465.96,6.00E-07,0,771795.18,653198.79,535833.91,438069.42,345229.95,360263.29
174,GU1305,11,"2,013",39,Deep,40.24,-67.68,11.78,-23.81,800,52.9,0.01,19.72,-0.45,19.27,NA,NA,223538.67,0.005,Fall,9.62,32.68,222465.96,6.00E-07,0,771795.18,653198.79,535833.91,438069.42,345229.95,360263.29
125,GU1305,11,"2,013",57,Deep,42.315,-70.27833333,4.53,-22.12,800,NA,NA,3.16,-0.27,2.89,NA,NA,26480.18,0.04,Fall,10.13,32.82,26644.12,1.31E-05,3.75E-05,695464.65,546883.39,370761.09,245771.94,118354.69,56841.1
124,GU1305,11,"2,013",57,Surf,42.315,-70.27833333,6.14,-21.37,800,NA,NA,3.88,-0.22,3.66,NA,NA,26480.18,0.029,Fall,10.4,31.3,26644.12,1.31E-05,3.75E-05,695464.65,546883.39,370761.09,245771.94,118354.69,56841.1
152,GU1305,11,"2,013",64,Surf,42.32666667,-68.66333333,6.04,-21.26,800,46.1,2.45,2.75,-0.27,2.48,NA,NA,117204.41,0.02,Fall,8.71,35.15,116566.15,6.30E-06,0,799778.46,655954.74,489248.36,365371.54,236178.6,189024.07
198,GU1305,11,"2,013",71,Surf,42.225,-65.77,4.04,-24.82,800,41.4,2.19,1,-0.44,0.56,NA,NA,287767.6,0.02,Fall,9.79,33.1,288036.04,0,0,999852.55,864770.11,711888.47,591811.92,466048.52,426358.26
199,GU1305,11,"2,013",71,Deep,42.225,-65.77,7.37,-24.02,800,0.667,0.03,8.99,-0.44,8.55,NA,NA,287767.6,0.005,Fall,9.84,33.11,288036.04,0,0,999852.55,864770.11,711888.47,591811.92,466048.52,426358.26
165,GU1305,11,"2,013",75,Surf,43.025,-67.7,4.39,-22.08,800,46.4,2.47,2.45,-0.27,2.18,NA,NA,125949.91,0.015,Fall,13.97,32.89,125783.28,2.10E-06,0,908944.42,763809.47,593108.37,468248.3,338784.82,277491.56
147,GU1305,11,"2,013",78,Surf,43.77333333,-68.67,6.25,-20.92,800,27.4,1.43,6.61,-0.21,6.4,NA,NA,13512.77,0.014,Fall,14,32.91,13538.75,3.00E-06,0,901828.57,751861.87,571135.78,447828.48,325415.96,246206.93
53,HB1202,6,"2,012",14,Deep,39.715,-74.01166667,6.76,-18.28,800,NA,2.43,0.86,0.16,1.02,5.86,11.25,8604.09,0.076,Summer,15,31.65,8556.74,1.67E-05,2.09E-05,269212.78,122743.99,90296.54,188567.34,307986.45,387648.09
54,HB1202,6,"2,012",14,Surf,39.715,-74.01166667,8.16,-20.97,800,NA,4.62,1.16,0.12,1.28,5.31,8.96,8604.09,0.071,Summer,17.47,31.37,8556.74,1.67E-05,2.09E-05,269212.78,122743.99,90296.54,188567.34,307986.45,387648.09
69,HB1202,6,"2,012",17,Surf,39.35333333,-73.39,6.67,-22.51,800,NA,0.62,0.57,0.02,0.59,5.59,10.01,74623.56,0.027,Summer,19.43,32.14,74245.89,1.45E-05,1.00E-07,286037.1,159038.7,141785.59,204438.36,306036.25,390249.13
39,HB1202,6,"2,012",23,Surf,37.845,-74.58666667,5.73,-17.96,800,NA,0.43,1.15,0.02,1.17,5.7,12.05,60185.59,0.02,Summer,20.08,32.31,59778.33,1.00E-05,1.00E-07,141843.99,153997.46,303543.04,397989.08,504093.39,588302.91
44,HB1202,6,"2,012",25,Surf,37.70333333,-74.26166667,4.67,-16.13,800,NA,0.21,0.85,0.01,0.86,5.13,9.91,92869.85,0.012,Summer,15.04,36.04,92260.59,8.60E-06,0,172466.13,180101.55,316331.98,403155.88,503620.6,588607.8
43,HB1202,6,"2,012",25,Deep,37.70333333,-74.26166667,8.88,-16.41,800,NA,0.03,10.77,0.01,10.78,5.85,11.53,92869.85,0.004,Summer,21.13,33.97,92260.59,8.60E-06,0,172466.13,180101.55,316331.98,403155.88,503620.6,588607.8
38,HB1202,6,"2,012",31,Surf,36.00166667,-74.66666667,4.71,-19.7,800,NA,0,1.02,0.02,1.04,5.19,9.67,80825.58,0.025,Summer,5.91,35.03,80183.9,2.20E-06,0,261638.8,353676.48,509330,596111.5,691026.73,776572.03
37,HB1202,6,"2,012",31,Deep,36.00166667,-74.66666667,8.89,-15.58,800,NA,0.01,22.66,0.02,22.68,6.61,10.47,80825.58,0.003,Summer,19.36,33.8,80183.9,2.20E-06,0,261638.8,353676.48,509330,596111.5,691026.73,776572.03
11,HB1202,6,"2,012",34,Surf,35.99833333,-75.175,4.83,-17.77,800,NA,0.5,0.51,0.06,0.57,5.21,9.13,38695.64,0.031,Summer,20.35,31.83,38384.44,2.70E-06,0,241845.12,350677.13,516281.94,609938.71,710386.33,795584.93
6,HB1202,6,"2,012",35,Surf,35.99333333,-75.52166667,5.48,-20.07,800,NA,1.12,1.06,0.04,1.1,5.33,8.97,9955.3,0.033,Summer,20.97,30.95,9883.26,2.90E-06,0,232664.84,352159.56,523397.38,621254.27,725073.08,809905.59
7,HB1202,6,"2,012",35,Deep,35.99333333,-75.52166667,6.75,-20.61,800,NA,2.58,1.06,0.05,1.11,5.87,9.13,9955.3,0.044,Summer,16.2,32.61,9883.26,2.90E-06,0,232664.84,352159.56,523397.38,621254.27,725073.08,809905.59
14,HB1202,6,"2,012",42,Surf,37.99166667,-74.96,5.66,-18.26,800,NA,0.69,0.98,0.03,1.01,6.05,11.51,23510.93,0.027,Summer,19.4,31.9,23352.97,1.12E-05,1.10E-05,108174.15,129363.38,294225.94,396711.63,508497.77,591491.91
15,HB1202,6,"2,012",42,Deep,37.99166667,-74.96,7.03,-20.58,800,NA,2.8,1.16,0.07,1.23,5.26,8.79,23510.93,0.047,Summer,14.28,32.64,23352.97,1.12E-05,1.10E-05,108174.15,129363.38,294225.94,396711.63,508497.77,591491.91
108,HB1202,6,"2,012",56,Deep,41.105,-70.62,5.18,-21.42,800,NA,0.93,0.88,0.06,0.94,5.78,11.5,22255.96,0.051,Summer,10.3,32.65,22262.26,1.51E-05,1.97E-05,589046.78,447725.81,293174.85,179411.13,85518.61,140603.74
109,HB1202,6,"2,012",56,Surf,41.105,-70.62,5.28,-16.31,800,NA,2.25,1.22,-0.01,1.21,6.17,11.28,22255.96,0.029,Summer,14.87,32.48,22262.26,1.51E-05,1.97E-05,589046.78,447725.81,293174.85,179411.13,85518.61,140603.74
103,HB1202,6,"2,012",60,Surf,40.66833333,-70.62166667,5.06,-20.2,800,NA,0.88,1,0.01,1.01,5.79,10.16,66287.16,0.049,Summer,15.49,32.66,66776.34,1.35E-05,3.30E-06,562666.31,426622.82,286997.64,186742.49,124225.47,188710.15
114,HB1202,6,"2,012",62,Surf,40.04333333,-70.61,4.58,-17.91,800,NA,0.74,1.12,0.05,1.17,5.69,10.85,134881.14,0.045,Summer,15.55,33.41,135999.57,9.90E-06,0,531571.46,406016.71,293671.6,217871.85,188494.3,258242.84
99,HB1202,6,"2,012",63,Surf,39.84166667,-70.62666667,3.93,-19.47,800,NA,0.4,0.28,0.01,0.29,5.27,10.01,156989.94,0.019,Summer,18.69,34.28,158319.29,8.60E-06,0,521536.61,400050.58,297646.8,230228,209508.28,280556.32
100,HB1202,6,"2,012",63,Deep,39.84166667,-70.62666667,15.05,-17.26,800,NA,0.01,22.3,0.01,22.31,6.68,10.4,156989.94,0.002,Summer,5.93,35.02,158319.29,8.60E-06,0,521536.61,400050.58,297646.8,230228,209508.28,280556.32
159,HB1202,6,"2,012",70,Deep,40.93166667,-67.71833333,4.66,-20.57,800,NA,1.96,1.15,0.08,1.23,5.68,10.72,192090.39,0.052,Summer,12.13,32.85,190527.31,1.80E-06,0,794165.69,666250.12,531107.43,422137,313445.63,311491.24
158,HB1202,6,"2,012",70,Surf,40.93166667,-67.71833333,4.85,-20.52,800,NA,1.76,1,0.03,1.03,5.38,9.44,192090.39,0.032,Summer,9.5,32.87,190527.31,1.80E-06,0,794165.69,666250.12,531107.43,422137,313445.63,311491.24
207,HB1202,6,"2,012",77,Surf,41.75,-65.43333333,3.88,-16.44,800,NA,0.39,0.83,0.01,0.84,6.79,12.05,347388.25,0.015,Summer,18.35,35.22,347821.11,0,0,1004328.24,873964.41,729301.74,612672.15,490799,459970.31
208,HB1202,6,"2,012",77,Deep,41.75,-65.43333333,17.37,-17.96,800,NA,0.02,22.33,0.03,22.36,5.9,13.62,347388.25,0.003,Summer,6.69,35.05,347821.11,0,0,1004328.24,873964.41,729301.74,612672.15,490799,459970.31
204,HB1202,6,"2,012",78,Surf,42.22666667,-65.76166667,4.97,-18.65,800,NA,1.53,1.17,0.03,1.2,5.74,10.47,287859.31,0.036,Summer,6.82,35.04,288208.98,0,0,1000550.51,865475.14,712596.24,592517.19,466748.67,427030.13
203,HB1202,6,"2,012",78,Deep,42.22666667,-65.76166667,12.55,-17.8,800,NA,0.02,22.21,0.05,22.26,6.63,10.85,287859.31,0.002,Summer,12.37,32.92,288208.98,0,0,1000550.51,865475.14,712596.24,592517.19,466748.67,427030.13
169,HB1202,6,"2,012",89,Deep,41.46833333,-67.69166667,5.65,-22.47,800,NA,3.87,1.23,0.02,1.25,6.36,9.68,188383.79,0.042,Summer,12.36,32.71,186885.73,2.40E-06,0,820426.61,686719.22,539857.26,424051.71,305187.52,287068.58
168,HB1202,6,"2,012",89,Surf,41.46833333,-67.69166667,5.84,-24.17,800,NA,3.76,0.59,0.02,0.61,5.33,9.47,188383.79,0.054,Summer,12.35,32.71,186885.73,2.40E-06,0,820426.61,686719.22,539857.26,424051.71,305187.52,287068.58
139,HB1202,6,"2,012",96,Surf,40.90166667,-69.145,5.27,-20.63,800,NA,5.21,2.04,0.11,2.15,5.18,9.31,79241.99,0.078,Summer,10.13,32.4,78881.85,7.30E-06,0,683905.9,551436.48,411957.16,303680.12,202141.99,220321.46
140,HB1202,6,"2,012",96,Deep,40.90166667,-69.145,6.12,-17.23,800,NA,3.34,3.79,0.19,3.98,5.92,9.67,79241.99,0.043,Summer,8.96,32.47,78881.85,7.30E-06,0,683905.9,551436.48,411957.16,303680.12,202141.99,220321.46
115,PC1207,11,"2,012",20,Surf,42.41,-70.60333333,5.76,-19.31,800,NA,4.94,2.1,0.04,2.14,0.15,10.14,19476.13,0.046,Fall,12.38,32.2,19584.56,1.40E-05,5.05E-05,683433.94,533633.12,354483.89,230162.78,107942.55,31328.33
116,PC1207,11,"2,012",20,Deep,42.41,-70.60333333,8.82,-23.54,800,NA,0.42,9.18,0.25,9.43,0.84,10.23,19476.13,0.015,Fall,8.92,32.8,19584.56,1.40E-05,5.05E-05,683433.94,533633.12,354483.89,230162.78,107942.55,31328.33
120,PC1207,11,"2,012",30,Surf,42.99333333,-70.425,5.01,-22.62,600,NA,2.69,2.43,0.14,2.57,0.12,10.51,14441.82,0.032,Fall,12.53,32.44,14361.74,1.09E-05,1.91E-05,740390.92,589366.74,406639.79,285035.38,171262.8,86082.17
121,PC1207,11,"2,012",30,Deep,42.99333333,-70.425,9.71,-23.75,600,NA,0.29,13.28,0.06,13.34,0.77,10.35,14441.82,0.012,Fall,9.26,33.22,14361.74,1.09E-05,1.91E-05,740390.92,589366.74,406639.79,285035.38,171262.8,86082.17
155,PC1207,11,"2,012",35,Surf,41.99833333,-68.33833333,3.45,-22.53,800,NA,4.17,2.92,0.17,3.09,0.06,10.05,134200.81,0.03,Fall,14.53,32.76,133218.21,5.10E-06,0,801932.51,661450.13,501653.1,380110.8,253601.06,219382.02
173,PC1207,11,"2,012",40,Surf,40.245,-67.69,3.77,-22.92,800,NA,1.29,1.27,-0.04,1.23,0.78,11.38,222522.15,0.013,Fall,5.85,35.01,221454.37,6.00E-07,0,771144.69,652450.48,534942.82,437112.77,344222.6,359260.7
172,PC1207,11,"2,012",40,Deep,40.245,-67.69,11.93,-25.86,800,NA,0.03,19.66,-0.07,19.59,-0.32,11.89,222522.15,0.002,Fall,20.99,35.75,221454.37,6.00E-07,0,771144.69,652450.48,534942.82,437112.77,344222.6,359260.7
189,PC1207,11,"2,012",50,Surf,41,-66.50666667,3.02,-24.27,800,NA,1.68,1.53,0.07,1.6,-0.12,10.4,291756.63,0.024,Fall,14.55,33.21,289160.39,0,0,891593.16,766163.05,632516.41,522561.17,410157.07,398110.34
206,PC1207,11,"2,012",65,Surf,41.75166667,-65.44666667,5.16,-24.2,800,NA,1.11,0.87,0.09,0.96,-0.24,10.54,346781.54,0.014,Fall,6.19,35.05,347222.29,0,0,1003372.03,872963.47,728239.34,611589.03,489697.64,458853.84
205,PC1207,11,"2,012",65,Deep,41.75166667,-65.44666667,15.68,-25.47,800,NA,0.02,11.16,0.03,11.19,0.89,11.46,346781.54,0.002,Fall,16.05,33.58,347222.29,0,0,1003372.03,872963.47,728239.34,611589.03,489697.64,458853.84
201,PC1207,11,"2,012",69,Surf,42.22166667,-65.76333333,4.89,-23.72,800,NA,1.71,1.19,0.09,1.28,-0.07,10.35,288321.2,0.022,Fall,8.02,35.11,288628.92,0,0,1000190.03,865149.29,712337.17,592286.08,466549.32,426925.13
200,PC1207,11,"2,012",69,Deep,42.22166667,-65.76333333,11.26,-25.35,800,NA,0.05,16.14,-0.02,16.12,0.9,11.56,288321.2,0.004,Fall,13.35,32.95,288628.92,0,0,1000190.03,865149.29,712337.17,592286.08,466549.32,426925.13
176,PC1207,11,"2,012",79,Surf,44.47833333,-67.23166667,5.79,-21.52,800,NA,0.97,5.44,0.15,5.59,0.45,10.03,14212.86,0.012,Fall,11.99,33.36,14225.35,0,0,1039540.06,890086.35,710046.22,586425.76,462423.82,384911.07
177,PC1207,11,"2,012",79,Deep,44.47833333,-67.23166667,6.4,-22.36,800,NA,0.84,10.22,0.07,10.29,0.47,10.84,14212.86,0.012,Fall,12.07,33.53,14225.35,0,0,1039540.06,890086.35,710046.22,586425.76,462423.82,384911.07
163,PC1207,11,"2,012",85,Surf,43.40666667,-67.7,4.8,-21.65,850,NA,2.8,1.86,0.1,1.96,-0.01,10.57,92789.26,0.039,Fall,12.58,33.2,92903.33,1.50E-06,0,934423.42,787551.89,613160.28,488150.93,359737.82,291555.02
164,PC1207,11,"2,012",85,Deep,43.40666667,-67.7,10.92,-23.05,800,NA,0.1,19.76,0.03,19.79,0.97,11.25,92789.26,0.007,Fall,8.59,34.57,92903.33,1.50E-06,0,934423.42,787551.89,613160.28,488150.93,359737.82,291555.02
151,PC1207,11,"2,012",87,Surf,43.77,-68.66666667,5.28,-22.28,800,NA,1.27,7.96,0.28,8.24,0.38,10.41,13962.88,0.018,Fall,11.66,33.86,13989.23,3.00E-06,0,901766.9,751813.93,571118.27,447792.33,325329.36,246172.62
150,PC1207,11,"2,012",87,Deep,43.77,-68.66666667,7.74,-24.52,800,NA,0.52,11.07,0.06,11.13,0.5,10.64,13962.88,0.012,Fall,11.93,33.55,13989.23,3.00E-06,0,901766.9,751813.93,571118.27,447792.33,325329.36,246172.62
136,PC1207,11,"2,012",88,Surf,41.17,-69.385,5.02,-23.92,800,NA,4.71,3.52,0.09,3.61,0.17,13.24,49422.41,0.039,Fall,11.58,32.52,49050.68,9.10E-06,0,680227.68,543637.07,395640.88,282214.63,172599.82,184768.49
105,PC1207,11,"2,012",95,Surf,39.83333333,-70.62166667,4.66,-23.53,"1,000",NA,0.76,1.45,0.12,1.57,-0.25,12.04,157952.22,0.01,Fall,6.12,35.04,159289.05,8.50E-06,0,521587.64,400304.7,298310.62,231146,210525.52,281528.28
104,PC1207,11,"2,012",95,Deep,39.83333333,-70.62166667,10.67,-23.16,"1,000",NA,0.03,20.19,0,20.19,0.86,11.32,157952.22,0.004,Fall,20.29,35.61,159289.05,8.50E-06,0,521587.64,400304.7,298310.62,231146,210525.52,281528.28
79,PC1207,11,"2,012",101,Surf,40.67,-72.58,6.59,-20.2,800,NA,1.18,1.82,0.25,2.07,0.29,13.01,14648.51,0.032,Fall,13.09,32.64,14746.45,1.93E-05,3.79E-05,430464.32,283093.88,123325.73,52730.38,147033.8,229011.52
77,PC1207,11,"2,012",109,Surf,39.015,-72.58166667,2.5,-23.42,800,NA,1.08,2.44,0.21,2.65,-0.27,11.43,153911.06,0.015,Fall,18.61,35.75,153109.14,1.00E-05,0,332909.43,227012.13,209069.5,236191.64,309893.85,395442.03
78,PC1207,11,"2,012",109,Deep,39.015,-72.58166667,4.23,-24.81,800,NA,0.02,16.29,0.02,16.31,0.93,11.31,153911.06,0.003,Fall,6.04,35.04,153109.14,1.00E-05,0,332909.43,227012.13,209069.5,236191.64,309893.85,395442.03
62,PC1207,11,"2,012",120,Surf,40.41166667,-73.74166667,5.77,-21.33,800,NA,1.75,4.49,0.34,4.83,0.87,17.26,18984.16,0.037,Fall,11.6,28.49,19140.56,1.82E-05,4.88E-05,342692.28,191271.55,27596.76,113277.25,240048.85,314890.78
49,PC1207,11,"2,012",128,Surf,39.33833333,-74.21,6.13,-21.02,600,NA,2.08,2.68,0.34,3.02,0.3,14.54,14964.21,0.05,Fall,12.2,31.58,14904.69,1.57E-05,1.85E-05,228130.3,90053.31,133302.62,233324.77,350215.71,431105.85
47,PC1207,11,"2,012",148,Surf,37.69833333,-74.255,3.49,-23.76,800,NA,1.93,4.28,0.42,4.7,0.1,10.73,93649.66,0.021,Fall,14.74,34.2,93037.16,8.60E-06,0,173150.28,180866.72,316857.04,403510.71,503838.15,588840.22
48,PC1207,11,"2,012",148,Deep,37.69833333,-74.255,6.11,-24.75,800,NA,0.43,2.83,0.19,3.02,-0.05,11.31,93649.66,0.007,Fall,16.07,35.08,93037.16,8.60E-06,0,173150.28,180866.72,316857.04,403510.71,503838.15,588840.22
22,PC1207,11,"2,012",150,Surf,37.995,-74.95,5.4,-21.1,800,NA,2.46,1.06,0.04,1.1,0.16,12.42,24128.73,0.034,Fall,13.01,31.83,23956.18,1.12E-05,1.07E-05,109039.18,129152.08,293636.97,395980.77,507686.98,590700.49
21,PC1207,11,"2,012",150,Deep,37.995,-74.95,5.85,-21.56,600,NA,2.28,1.84,0.23,2.07,0.15,12.01,24128.73,0.038,Fall,12.98,31.82,23956.18,1.12E-05,1.07E-05,109039.18,129152.08,293636.97,395980.77,507686.98,590700.49
